"Воздушная масса: Заданное значение[kg/h]","Давление заряда воздуха, фактическое[mbar]","Давление магистрали, уставка[бар]","Действительное давление в рейке[bar]","Клапан регулировки давления в рейке , активация[%]","Масса воздуха[кг/ч]","Подача активации управляющего клапана [%]","Регулятор нагнетаемого давления , активация[%]","Скорость вращения двигателя[об/мин]","Температура воздуха на впуске[degree C]","Температура двигателя[degree C]","Температура охлаждающей жидкости[degree C]","Температура топлива[degree C]"
"55.16","981.92","315.01","311.48","22.46","62.94","32.54","94.98","719","48.56","85.30","85","55.16"
"55.7","981.92","315.01","315.88","22.46","62.56","32.53","94.98","723","48.56","85.30","85","55.16"
"56.23","981.92","315.01","313.68","22.40","62.49","32.46","94.98","718","48.56","85.30","85","55.16"
"55.47","981.92","315.01","315.88","22.41","62.56","32.47","94.98","721","48.56","85.30","85","55.16"
"55.85","981.92","315.01","315.88","22.44","62.64","32.46","94.98","719","48.56","85.30","85","55.16"
"55.54","981.92","315.01","315.88","22.47","62.64","32.50","94.98","719","48.66","85.30","85","55.25"
"55.85","981.92","315.01","315.88","22.41","62.49","32.44","94.98","720","48.66","85.30","85","55.25"
"55.7","981.92","315.01","311.48","22.44","62.56","32.53","94.98","721","48.66","85.30","85","55.25"
"55.7","981.92","315.01","315.88","22.42","62.33","32.50","94.98","721","48.75","85.30","85","55.25"
"56.08","981.92","315.01","313.68","22.42","62.87","32.46","94.98","718","48.75","85.30","85","55.25"
"55.47","981.92","315.01","315.88","22.44","62.56","32.48","94.98","722","48.75","85.30","85","55.35"
"55.24","981.92","315.01","315.88","22.48","62.49","32.43","94.98","722","48.75","85.30","85","55.35"
"55.39","981.92","315.01","315.88","22.42","62.64","32.45","94.98","719","48.75","85.30","85","55.35"
"54.86","981.92","315.01","315.88","22.36","62.56","32.51","94.98","721","48.85","85.40","85","55.35"
"56.23","981.92","315.01","318.06","22.32","62.49","32.45","94.98","719","48.85","85.40","85","55.35"
"55.24","981.92","315.01","315.88","22.43","62.64","32.44","94.98","720","48.85","85.50","85","55.35"
"55.39","981.92","315.01","315.88","22.39","62.64","32.40","94.98","718","48.95","85.50","85","55.35"
"55.7","981.92","315.01","313.68","22.46","62.49","32.42","94.98","719","48.95","85.50","85","55.35"
"55.92","981.92","315.01","313.68","22.45","62.56","32.45","94.98","713","48.95","85.50","85","55.35"
"55.16","981.92","315.01","315.88","22.38","62.87","32.43","94.98","723","48.95","85.50","85","55.45"
"54.47","981.92","315.01","313.68","22.56","61.65","32.49","94.98","700","49.05","85.50","85","55.45"
"53.94","985.95","315.01","315.88","22.49","61.34","32.48","94.98","721","49.05","85.50","85","55.45"
"53.79","985.95","315.01","315.88","22.60","60.96","32.48","94.98","716","49.15","85.50","85","55.45"
"53.56","989.97","315.01","313.68","22.56","61.26","32.49","94.98","721","49.15","85.60","85","55.45"
"53.94","989.97","315.01","315.88","22.56","61.49","32.50","94.98","723","49.15","85.60","85","55.55"
"53.79","989.97","315.01","315.88","22.52","61.26","32.45","94.98","722","49.15","85.60","85","55.55"
"54.09","989.97","315.01","318.06","22.52","60.88","32.48","94.98","716","49.24","85.60","85","55.55"
"54.93","989.97","315.01","313.68","22.49","61.65","32.40","94.98","720","49.24","85.60","85","55.55"
"53.94","989.97","315.01","313.68","22.59","60.88","32.45","94.98","719","49.34","85.60","85","55.55"
"53.86","989.97","315.01","313.68","22.59","61.04","32.48","94.98","716","49.34","85.60","85","55.55"
"54.17","989.97","315.01","315.88","22.56","61.19","32.37","94.98","717","49.34","85.60","85","55.55"
"54.63","989.97","315.01","315.88","22.60","61.19","32.33","94.98","718","49.34","85.60","85","55.74"
"54.25","989.97","315.01","311.48","22.67","59.74","32.43","94.98","710","49.44","85.70","85","55.74"
"52.87","994.92","315.01","315.88","22.65","60.35","32.41","94.98","728","49.44","85.80","85","55.74"
"54.4","994.92","315.01","313.68","22.56","60.58","32.40","94.98","718","49.44","85.80","85","55.74"
"53.86","994.92","315.01","315.88","22.66","60.96","32.44","94.98","723","49.54","85.80","85","55.74"
"54.86","994.92","315.01","318.06","22.53","61.49","32.35","94.98","728","49.54","85.80","85","55.84"
"76.52","996.93","315.29","329.09","21.58","81.56","32.43","94.98","778","49.64","85.90","85","55.84"
"55.77","1007.92","315.01","313.68","22.99","61.88","33.05","94.98","733","49.73","85.90","85","55.84"
"54.93","998.95","315.01","313.68","23.17","61.19","33.03","94.98","726","49.73","85.90","85","55.84"
"54.55","994.92","315.01","315.88","23.08","61.57","33.12","94.98","715","49.73","85.90","85","55.84"
"55.47","989.97","315.01","311.48","22.98","63.10","32.92","94.98","725","49.73","85.90","86","55.84"
"52.95","987.96","315.01","315.88","23.17","59.05","33.02","94.98","703","49.73","86","86","55.84"
"71.03","996.93","337.90","340.17","22.77","76.98","33.09","94.98","963","49.83","86.10","86","55.84"
"88.2","1039.96","335.01","313.68","22.04","88.43","32.98","94.98","982","50.03","86.20","86","55.84"
"115.13","1066.97","357.39","401.7","19.11","116.96","32.97","93.66","1130","50.13","86.20","86","55.84"
"88.2","1077.96","383.81","373.1","24.00","102.54","32.84","94.71","1268","50.32","86.30","86","55.84"
"106.36","1092.97","480.88","447.88","27.68","127.79","32.83","94.98","1617","50.52","86.30","86","55.94"
"152.28","1197.98","557.80","555.69","27.73","176.55","32.85","94.98","1955","50.72","86.30","86","55.94"
"205.46","1331.93","758.49","747","33.03","247.35","31.74","94.98","2304","51.06","86.30","86","56.04"
"183.18","1485.92","790.16","786.58","35.79","204.78","32.99","94.98","1618","51.45","86.40","86","56.14"
"189.44","1500.94","784.27","790.99","36.12","228.58","32.91","94.98","1869","51.65","86.50","86","56.14"
"215","1511.92","797.75","799.77","34.32","264.36","32.63","94.98","2129","51.75","86.50","86","56.23"
"209.96","1357.93","349.89","364.38","22.69","230.26","32.91","93.17","1904","51.84","86.60","86","56.33"
"126.19","1282.95","312.17","309.28","21.23","126.19","32.83","94.98","1152","52.04","86.70","86","56.23"
"86.06","1124.92","347.37","329.09","24.16","109.94","32.80","94.71","1316","52.04","86.90","87","56.23"
"110.25","1218.95","587.78","564.48","30.29","140.23","32.82","94.98","1517","52.24","87","87","56.23"
"192.8","1306.93","719.48","702.97","32.43","229.27","32.70","94.98","2079","52.43","87.20","87","56.23"
"221.94","1440.97","783.67","782.16","33.87","271.69","31.96","94.98","2251","52.73","87.30","87","56.23"
"244.3","1487.94","851.10","773.38","45.94","307.85","37.81","94.98","2469","53.02","87.40","87","56.33"
"279.7","1532.98","572.18","588.56","38.21","286.18","40.49","88.18","1769","53.31","87.50","87","56.43"
"197.45","1539.94","773.76","757.99","42.90","231.25","38.29","94.98","1826","53.66","87.60","87","56.43"
"206.84","1551.93","779.09","777.76","42.78","243.46","38.31","94.98","1933","53.85","87.60","87","56.53"
"218.66","1558.98","786.95","784.41","42.97","262.68","38.24","94.98","2040","54.05","87.70","87","56.63"
"231.25","1569.97","742.55","810.76","37.15","263.07","50.65","65.17","2054","54.35","87.80","87","56.63"
"193.79","1286.97","346.50","326.92","33.87","210.88","41.54","94.60","1872","54.05","87.90","88","56.63"
"135.96","1188.92","326.59","320.4","33.49","145.04","41.01","94.65","1415","54.05","88.10","88","56.53"
"99.64","1116.96","307.58","296.09","33.26","111.24","41.73","94.97","1264","54.05","88.20","88","56.53"
"90.03","1077.96","309.09","320.4","33.37","98.50","41.73","94.98","1120","54.05","88.30","88","56.43"
"82.93","1049.94","313.59","302.7","33.60","89.34","41.44","94.98","1001","54.05","88.40","88","56.43"
"72.94","1028.98","315.01","326.92","33.59","80.80","42.10","94.98","976","53.95","88.50","88","56.33"
"82.93","1007.92","308.86","307.08","33.44","93.16","42.19","94.98","1133","53.95","88.50","88","56.33"
"91.78","1024.95","407.39","405.96","36.05","103.68","39.77","94.98","1229","54.05","88.50","88","56.33"
"104.07","1137.92","351.89","463.27","33.90","107.73","47.26","91.43","1204","54.25","88.40","88","56.43"
"90.49","1088.94","307.99","267.59","33.46","100.10","40.86","94.92","1167","54.05","88.30","88","56.43"
"87.36","1049.94","341.77","329.09","34.66","98.73","40.02","94.22","1263","54.05","88.30","88","56.43"
"104.98","1094.99","546.59","557.9","39.37","114.44","39.07","94.98","1254","54.05","88.20","88","56.43"
"116.58","1208.97","609.56","617.18","40.08","135.04","38.98","94.98","1378","54.25","88.10","88","56.53"
"131.07","1277","624.58","623.76","40.33","152.13","39.62","94.98","1445","54.25","88","87","56.63"
"130.08","1284.96","472.97","456.69","36.62","149.77","40.37","94.07","1486","54.25","87.90","87","56.63"
"130.77","1248.98","404.68","403.9","35.45","145.57","40.67","93.21","1498","54.05","87.90","87","56.63"
"127.57","1212.91","398.76","403.9","35.52","141.68","40.62","94.09","1502","54.05","87.90","87","56.82"
"125.43","1190.93","389.80","386.29","35.33","140.76","40.45","94.43","1516","53.95","87.90","87","56.82"
"127.87","1180.96","517.97","476.37","39.22","145.19","37.84","94.98","1603","54.05","87.90","87","56.82"
"152.36","1323.96","651.28","678.8","40.94","176.93","38.79","94.98","1640","54.25","87.90","87","56.92"
"172.66","1421.93","641.49","678.8","38.51","206.99","42.62","78.60","1716","54.35","87.90","87","56.92"
"168.15","1349.96","386.20","340.17","34.95","189.97","40.51","92.23","1717","54.25","87.90","87","56.92"
"134.66","1214.92","340.99","324.71","33.97","139.39","41.10","92.29","1317","54.05","87.90","87","57.02"
"106.13","1150.93","347.60","340.17","34.58","120.47","40.36","92.83","1349","54.05","87.90","87","57.02"
"102.69","1141.95","334.28","333.5","34.21","113.53","40.61","94.24","1300","54.05","87.90","87","56.92"
"114.44","1161.91","529.46","571.08","38.68","126.73","39.92","94.98","1352","54.05","87.90","87","57.02"
"119.33","1233.96","474.76","467.68","37.32","134.28","39.77","94.98","1391","54.25","87.90","87","57.02"
"119.86","1237.99","453.57","472.06","36.72","135.04","40.71","94.16","1389","54.25","87.90","87","57.12"
"119.33","1216.94","403.67","399.45","35.68","133.97","40.47","93.97","1411","54.05","87.90","87","57.12"
"118.03","1195.97","398.28","395.07","35.59","131.38","40.70","93.82","1407","54.05","87.90","87","57.12"
"119.78","1184.98","474.76","436.85","38.21","132.75","38.19","94.98","1460","53.95","87.90","87","57.12"
"133.9","1284.96","501.87","535.79","37.92","149.69","40.23","94.98","1468","54.05","87.90","87","57.12"
"147.33","1331.93","640.89","647.98","40.85","165.25","39.22","94.98","1520","54.05","87.90","87","57.21"
"157.24","1404.99","587.09","656.85","38.31","177.46","42.14","75.84","1518","54.05","87.90","87","57.21"
"134.43","1248.98","319.99","274.17","33.62","148.47","41.21","93.10","1505","53.76","87.90","87","57.21"
"117.19","1130.97","316.68","320.4","33.63","131.00","42.13","94.43","1422","53.66","87.90","87","57.21"
"109.56","1092.97","314.00","322.46","33.66","121.23","42.44","94.53","1374","53.51","87.90","87","57.12"
"103","1073.93","346.18","346.68","34.66","115.05","42.14","94.53","1349","53.31","87.90","87","57.12"
"98.95","1062.94","349.30","326.92","34.78","109.79","41.59","94.63","1312","53.31","87.80","87","57.02"
"95.06","1051.96","349.89","342.28","34.59","105.29","41.30","94.82","1276","53.31","87.80","87","57.02"
"91.33","1045.91","349.99","344.57","34.65","101.55","41.35","94.98","1237","53.31","87.70","87","57.02"
"89.34","1041.98","349.99","348.98","34.77","99.03","41.52","94.98","1203","53.31","87.60","87","56.92"
"88.88","1037.95","359.27","333.5","35.55","104.07","38.73","94.98","1338","53.31","87.60","87","56.92"
"109.48","1133.99","588.97","597.5","40.29","119.86","39.25","94.98","1294","53.31","87.50","87","56.92"
"120.93","1235.98","578.08","575.46","39.84","138.48","39.71","94.98","1372","53.31","87.50","87","57.02"
"118.87","1239.92","407.80","384.09","35.82","134.66","40.27","94.00","1370","53.31","87.40","87","57.12"
"128.94","1244.95","611.49","643.6","40.05","141.98","40.07","94.98","1419","53.22","87.30","87","57.12"
"127.26","1327.99","307.49","298.29","33.28","132.52","42.01","92.55","1322","53.12","87.20","87","57.12"
"105.97","1143.97","308.27","282.86","33.65","114.60","41.44","94.81","1273","52.92","87.20","87","57.12"
"92.16","1086.93","308.27","313.68","33.63","100.63","41.74","94.98","1133","52.92","87.20","87","57.12"
"82.25","1056.99","343.70","337.99","34.58","89.80","41.39","94.98","999","52.82","87.20","87","57.02"
"73.55","1032.91","348.79","355.46","34.74","83.54","42.11","94.98","1055","52.73","87.20","87","56.92"
"80.34","1017.99","349.80","335.7","34.80","87.05","41.74","94.98","993","52.73","87.20","87","56.92"
"74.39","1011.95","349.99","346.68","34.85","81.86","42.06","94.98","908","52.73","87.20","87","56.92"
"62.33","1007.92","315.01","315.88","33.99","69.28","42.01","94.98","815","52.53","87.20","87","56.92"
"57.37","1002.97","315.01","313.68","33.99","66.15","41.92","94.98","768","52.33","87.20","87","56.82"
"62.56","992.99","315.01","315.88","33.96","71.64","42.39","94.98","816","52.24","87.20","87","56.92"
"61.49","994.92","315.01","313.68","33.86","69.20","42.36","94.98","777","52.24","87.20","87","56.92"
"65.77","985.95","338.82","326.92","34.46","88.20","40.88","94.51","1206","52.24","87.20","87","56.92"
"99.03","1043.99","422.57","436.85","36.60","115.97","40.21","94.98","1399","52.33","87.20","87","56.82"
"116.04","1139.94","451.46","478.8","36.96","123.98","40.80","94.98","1325","52.53","87.20","87","56.92"
"115.05","1182.97","466.67","461.07","37.29","132.52","40.13","94.98","1450","52.73","87.20","87","56.92"
"136.8","1233.96","642.41","639.19","41.02","160.98","39.18","94.98","1593","52.82","87.10","86","56.92"
"168.46","1370.93","683.36","683.18","41.96","201.65","38.35","94.98","1807","52.92","87","86","57.02"
"204.55","1479.97","734.09","729.37","43.19","248.95","38.05","94.98","2059","53.12","86.90","86","57.02"
"241.4","1541.95","827.29","839.38","44.61","297.93","38.00","94.98","2314","53.31","86.90","86","57.12"
"265.58","1569.97","772.18","775.69","43.23","322.88","40.93","80.39","2455","53.66","87","87","57.12"
"211.49","1628.93","869.76","898.8","44.79","250.48","39.10","94.98","1806","53.95","87.10","87","57.12"
"218.05","1639.92","853.80","861.26","45.00","260.93","38.35","94.98","1915","54.25","87.20","87","57.12"
"226.6","1639.92","847.06","845.96","44.81","276.95","37.93","94.98","2032","54.44","87.30","87","57.21"
"241.09","1643.94","855.41","859.19","44.93","296.63","37.98","94.98","2142","54.64","87.40","87","57.21"
"257.5","1656.94","875.18","878.96","45.28","316.40","37.90","94.98","2275","54.84","87.70","87","57.21"
"269.86","1650.99","906.16","907.58","45.95","333.94","37.89","94.98","2386","55.23","87.80","88","57.21"
"283.89","1652.92","941.08","947.1","46.99","353.78","37.35","93.37","2554","55.42","88","88","57.21"
"279.77","1620.96","399.68","505.06","35.05","275.73","40.04","94.98","1919","55.62","88.10","88","57.31"
"217.44","1573.9","811.08","835.06","44.37","254.14","38.56","93.77","1976","55.91","88.30","88","57.21"
"215.84","1579.95","342.37","326.92","34.12","234.99","42.09","92.93","1760","55.91","88.40","88","57.21"
"144.88","1297.96","323.89","309.28","34.01","150.00","42.01","94.77","1427","55.62","88.50","88","57.12"
"117.04","1150.93","314.60","324.71","33.88","127.64","42.34","94.79","1380","55.52","88.70","88","57.02"
"103.46","1109.91","337.90","313.68","34.58","115.43","41.77","94.86","1319","55.52","88.70","88","56.92"
"96.89","1084.91","347.78","337.99","34.86","107.58","41.46","94.94","1258","55.52","88.90","89","56.82"
"89.34","1071.91","349.57","366.5","34.81","98.95","41.87","94.98","1139","55.42","88.90","89","56.82"
"82.78","1054.98","349.89","344.57","34.99","89.57","41.89","94.98","986","55.42","89","89","56.63"
"74.39","1028.98","349.99","362.07","35.03","86.98","46.39","94.98","1087","55.23","89","89","56.63"
"77.67","1020.92","311.39","300.59","33.99","91.55","41.79","94.98","1204","55.03","88.90","88","56.63"
"85.3","1024.95","308.86","311.48","33.91","94.07","42.21","94.98","1146","55.03","88.80","88","56.53"
"81.03","1028.98","313.91","315.88","34.14","87.59","41.91","94.98","965","54.84","88.80","88","56.53"
"64.39","1024.95","315.01","322.46","34.12","67.06","42.05","94.98","733","54.74","88.80","88","56.43"
"56.38","1007.92","315.01","318.06","34.19","63.94","42.05","94.98","729","54.54","88.60","88","56.53"
"58.75","994.92","360.79","337.99","35.94","81.79","38.20","92.82","1328","54.35","88.50","88","56.53"
"135.42","1118.97","600.87","612.87","40.97","164.80","38.35","94.98","1790","54.54","88.40","88","56.63"
"183.95","1361.96","722.88","720.58","42.92","224.69","38.54","94.98","1951","54.84","88.30","88","56.63"
"203.1","1537.92","785.16","786.58","43.84","238.19","38.74","94.98","1841","55.13","88.30","88","56.82"
"218.05","1590.93","800.69","801.97","44.16","263.37","38.45","94.98","2002","55.33","88.20","88","56.82"
"236.29","1618.95","832.08","826.19","44.72","289.23","37.97","94.98","2168","55.62","88.20","88","56.92"
"259.56","1624.99","878.30","889.97","45.86","326.39","37.50","94.98","2418","56.01","88.30","88","56.92"
"281.76","1637.99","654.40","692.05","40.21","346.07","39.53","54.91","2599","56.36","88.30","88","57.02"
"233.08","1671.96","883.96","889.97","45.33","262.68","39.29","94.98","1841","56.85","88.50","88","57.02"
"229.95","1716.91","900.40","911.98","44.71","276.04","44.70","46.82","1918","57.04","88.60","88","57.02"
"212.18","1539.94","341.68","289.6","34.18","234.00","41.56","93.22","1886","57.14","88.80","89","57.02"
"142.29","1299.98","319.67","309.28","33.84","141.53","41.86","94.64","1352","57.04","88.90","89","57.02"
"106.05","1152.94","309.46","300.59","33.80","117.65","41.93","94.92","1301","56.94","89.10","89","56.92"
"93.84","1101.94","329.96","320.4","34.54","102.54","41.52","94.98","1156","57.04","89.20","89","56.82"
"84.38","1071.91","346.18","366.5","34.93","92.39","42.18","94.98","1040","57.04","89.30","89","56.63"
"80.64","1041.98","313.77","340.17","34.10","88.73","41.73","94.98","1040","56.94","89.50","89","56.53"
"97.43","1037.95","321.50","309.28","34.27","109.25","40.81","94.31","1330","56.94","89.60","89","56.53"
"99.49","1071.91","357.67","353.35","35.20","114.98","40.47","93.86","1344","57.04","89.70","89","56.53"
"99.79","1107.99","315.88","307.08","34.23","109.64","40.84","93.80","1273","57.04","89.70","89","56.53"
"96.36","1092.97","316.21","307.08","34.17","106.13","40.88","93.50","1258","57.04","89.60","89","56.53"
"93.54","1088.94","385.28","362.07","36.63","110.48","38.58","94.98","1252","57.04","89.50","89","56.53"
"112.23","1188.92","527.99","626.1","38.02","125.96","41.77","92.00","1299","57.04","89.50","89","56.53"
"115.43","1212.91","499.16","439.1","39.07","133.36","37.71","94.98","1425","57.04","89.40","89","56.63"
"132.52","1290","619.61","614.98","40.89","151.14","39.22","94.98","1456","57.14","89.30","89","56.63"
"138.17","1357.93","317.05","296.09","33.86","153.58","41.85","90.94","1466","57.14","89.30","89","56.63"
"122.07","1169.97","317.28","313.68","33.81","133.97","42.34","93.88","1443","56.94","89.30","89","56.63"
"108.87","1113.94","312.08","315.88","33.89","119.25","42.65","94.55","1338","56.94","89.30","89","56.53"
"96.67","1090.96","339.98","318.06","34.56","106.89","41.51","94.94","1259","57.04","89.30","89","56.53"
"91.25","1069.99","319.90","326.92","34.27","101.78","40.37","94.89","1260","57.04","89.30","89","56.43"
"108.87","1135.91","577.48","617.18","40.38","125.96","39.11","94.98","1364","57.14","89.30","89","56.43"
"123.37","1263.99","382.89","417.09","34.86","133.75","42.66","89.13","1343","57.34","89.30","89","56.43"
"101.78","1161.91","305.79","260.98","33.66","111.70","41.14","94.28","1291","57.14","89.40","89","56.43"
"96.06","1092.97","305.19","307.08","33.78","104.83","41.73","94.98","1234","57.04","89.30","89","56.43"
"90.18","1066.97","307.40","315.88","33.86","99.26","41.99","94.98","1173","57.04","89.40","89","56.43"
"85.15","1051.96","310.88","318.06","33.99","93.16","42.38","94.98","1066","57.04","89.40","89","56.43"
"78.28","1037.95","315.01","307.08","34.20","84.08","41.70","94.98","922","57.04","89.40","89","56.43"
"61.26","1026.96","315.01","331.29","34.18","66.38","42.25","94.98","737","56.94","89.40","89","56.43"
"57.37","1007.92","315.01","318.06","34.03","66.00","41.79","94.98","837","56.75","89.40","89","56.43"
"103.76","1024.95","499.49","489.69","38.64","126.27","39.46","94.98","1573","56.85","89.40","89","56.43"
"135.42","1203.94","490.38","505.06","37.96","149.77","40.44","94.98","1537","57.14","89.30","89","56.43"
"132.3","1254.93","452.38","463.27","36.87","149.54","41.28","92.37","1492","57.34","89.40","89","56.53"
"125.89","1220.96","353.35","344.57","34.77","141.68","41.28","91.72","1458","57.34","89.30","89","56.53"
"114.82","1158.98","327.79","324.71","34.29","128.10","40.99","93.54","1408","57.34","89.30","89","56.53"
"112.84","1158.98","359.09","364.38","34.87","127.79","41.28","91.10","1413","57.43","89.30","89","56.53"
"109.79","1143.97","311.07","298.29","33.94","120.16","41.15","93.75","1337","57.53","89.40","89","56.53"
"95.06","1101.94","305.19","289.6","33.77","105.06","41.55","94.98","1212","57.53","89.40","89","56.53"
"85.83","1073.93","313.77","333.5","34.05","90.03","42.19","94.98","923","57.53","89.40","89","56.43"
"60.43","1045.91","315.01","331.29","34.16","66.76","42.33","94.98","731","57.53","89.40","89","56.43"
"54.25","1020.92","315.01","322.46","34.17","62.03","41.27","94.98","740","57.43","89.40","89","56.43"
"87.66","1020.92","489.88","461.07","38.55","110.55","38.98","94.98","1512","57.43","89.40","89","56.43"
"155.87","1203.94","680.75","700.91","42.03","192.26","38.89","94.98","1895","57.73","89.50","89","56.43"
"199.05","1436.94","750.05","753.58","43.40","241.47","38.49","94.98","2012","58.22","89.60","89","56.53"
"219.88","1560.9","781.98","764.66","44.10","258.64","37.72","94.98","1894","58.51","89.60","89","56.63"
"224.99","1641.93","833.96","839.38","44.69","271.84","38.26","94.98","1982","58.96","89.60","89","56.63"
"236.74","1658.96","845.09","843.76","45.01","293.58","37.68","94.98","2155","59.05","89.70","89","56.82"
"239.34","1626.91","534.09","518.29","38.53","287.63","39.78","51.29","2297","59.25","89.80","89","56.82"
"155.64","1473.93","402.57","351.09","36.40","175.55","40.10","94.98","1580","59.35","89.90","90","56.92"
"139.85","1351.98","403.30","403.9","35.73","153.73","40.78","91.79","1486","59.35","90.10","90","56.82"
"132.98","1291.92","616.08","568.79","41.47","159.76","38.97","94.98","1509","59.35","90.40","90","56.82"
"150.38","1402.97","511.89","513.91","38.35","169.83","39.69","94.98","1556","59.45","90.60","90","56.63"
"155.26","1425.95","488.59","487.49","37.72","173.72","40.21","94.98","1599","59.64","90.80","91","56.82"
"168.84","1421.93","687.68","687.58","42.26","191.58","38.79","94.98","1656","59.64","91","91","56.82"
"176.93","1502.95","530.70","509.37","38.64","198.75","39.49","94.98","1710","59.74","91.20","91","56.63"
"182.27","1498.92","545.99","538.08","39.09","204.85","39.55","94.79","1759","59.74","91.20","91","56.82"
"188.3","1513.94","563.05","553.49","39.21","213.09","40.24","90.51","1840","59.84","91.30","91","56.82"
"164.8","1483.91","699.90","714","42.18","186.77","39.49","94.98","1517","59.84","91.30","91","56.63"
"168.84","1526.94","719.67","724.99","42.69","187.08","38.94","94.98","1518","59.94","91.30","91","56.82"
"168.76","1537.92","720.49","720.58","42.19","192.26","40.51","94.98","1526","60.03","91.30","91","56.82"
"167.54","1507.99","709.87","678.8","42.33","196.54","38.92","94.98","1587","60.03","91.40","91","56.82"
"179.37","1554.95","740.58","738.18","43.15","208.90","38.92","94.98","1622","60.23","91.50","91","56.82"
"189.06","1594.96","748.98","779.96","42.63","219.96","39.94","94.98","1665","60.33","91.60","91","56.82"
"196.76","1622.98","787.27","788.79","43.85","232.85","38.46","94.98","1742","60.33","91.70","91","56.92"
"204.78","1646.96","704.18","698.57","41.22","244.53","40.39","94.86","1782","60.62","91.90","92","56.82"
"203.1","1601.92","558.68","557.9","38.93","227.74","39.71","89.13","1824","60.62","92","92","56.82"
"152.06","1517.97","443.51","423.76","36.99","166.78","40.18","94.78","1485","60.52","92.10","92","56.82"
"140.15","1378.99","394.38","412.68","35.68","150.38","40.95","92.18","1438","60.33","92.20","92","56.82"
"120.09","1246.97","319.07","291.71","33.90","131.69","41.01","93.81","1375","60.23","92.30","92","56.82"
"118.56","1169.97","461.58","450","38.11","141.37","39.33","94.98","1488","60.03","92.40","92","56.63"
"124.06","1261.98","405.18","414.88","36.22","139.93","40.82","93.37","1451","60.03","92.50","92","56.63"
"132.37","1280.93","605.96","551.29","41.01","151.14","39.48","94.98","1444","60.03","92.60","92","56.63"
"145.34","1376.97","618.51","608.4","40.92","166.25","39.04","94.98","1532","60.03","92.60","92","56.63"
"163.73","1464.96","693.25","689.88","42.21","190.89","39.01","94.98","1588","59.94","92.60","92","56.63"
"179.45","1549.92","745.67","747","43.08","209.28","38.67","94.98","1627","59.94","92.50","92","56.63"
"188.68","1603.93","778.17","777.76","41.57","220.26","45.39","84.26","1599","59.84","92.50","92","56.63"
"156.25","1436.94","322.37","254.31","33.81","170.82","41.79","93.60","1524","59.64","92.50","92","56.82"
"110.86","1220.96","308.59","298.29","33.75","114.60","41.59","94.98","1178","59.25","92.50","92","56.63"
"91.86","1122.91","307.49","318.06","33.90","103.68","41.84","94.98","1216","59.15","92.50","92","56.63"
"114.29","1150.93","544.30","564.48","39.38","124.89","39.57","94.98","1310","59.15","92.50","92","56.53"
"112.46","1252.92","421.97","423.76","36.31","127.18","40.64","92.52","1298","59.15","92.50","92","56.53"
"108.57","1210.98","354.36","337.99","34.91","122.76","40.50","92.58","1310","58.86","92.50","92","56.53"
"110.48","1212.91","413.46","454.49","36.15","120.77","41.21","92.98","1269","58.51","92.50","92","56.53"
"109.56","1208.97","393.70","388.46","35.84","121.16","40.17","94.98","1300","58.32","92.50","92","56.53"
"112.54","1239.92","443.19","458.87","36.64","123.75","40.85","91.42","1280","58.22","92.50","92","56.53"
"112.08","1216.94","373.29","377.48","35.30","123.67","40.61","92.93","1308","57.83","92.30","92","56.53"
"108.49","1201.92","374.80","375.28","35.53","121.77","40.33","93.12","1314","57.73","92.20","92","56.53"
"109.48","1210.98","391.08","399.45","35.94","121.84","40.69","93.01","1306","57.53","92.10","91","56.53"
"112.08","1203.94","374.62","373.1","35.47","123.14","40.66","94.98","1328","57.34","92","91","56.43"
"112.15","1220.96","388.19","414.88","35.61","122.45","40.59","93.23","1312","57.04","91.80","91","56.43"
"112.15","1208.97","382.71","375.28","35.63","124.59","40.45","93.05","1328","56.85","91.70","91","56.53"
"120.39","1210.98","592.87","597.5","40.71","139.93","39.21","94.98","1348","56.75","91.50","91","56.53"
"133.97","1334.95","623.16","634.88","40.87","153.28","39.29","94.98","1408","56.65","91.40","91","56.53"
"159.15","1378.99","671.87","658.96","41.85","195.54","39.49","94.98","1823","56.36","91.30","91","56.53"
"195.7","1519.98","745.49","738.18","43.48","235.29","38.28","94.98","1827","56.36","91.10","90","56.53"
"209.28","1620.96","814.88","821.65","44.37","253.15","38.32","94.98","1861","56.36","91","90","56.63"
"220.65","1667.93","595.48","628.16","39.64","255.36","40.02","83.81","1862","56.26","90.90","90","56.63"
"197.3","1573.9","624.26","560.1","41.81","218.66","37.85","94.98","1711","56.16","90.80","90","56.63"
"179.37","1611.99","779.27","812.96","44.26","199.97","39.06","94.98","1525","56.16","90.80","90","56.63"
"195.09","1582.97","823.67","808.58","44.61","236.29","40.12","94.98","1924","56.01","90.70","90","56.63"
"218.59","1633.96","788.19","760.28","44.43","262.76","38.29","94.98","1926","56.01","90.70","90","56.63"
"227.89","1680.93","850.68","850.36","45.25","278.25","37.69","94.98","2113","56.01","90.70","90","56.63"
"291.07","1609.98","975.05","1004.36","47.71","355.99","37.75","94.98","2548","55.91","90.80","90","56.63"
"327.84","1723.96","1080.88","1112.17","48.58","375.37","38.54","94.98","2301","56.16","90.90","90","56.63"
"326.47","1725.98","1108.18","1138.47","50.20","408.25","37.26","94.98","2686","56.16","90.90","90","56.63"
"362.17","1847.93","1277.44","1261.67","53.53","443.66","36.11","94.75","2739","56.55","90.80","90","56.82"
"410.09","1979.95","1382.07","1382.57","56.18","490.35","36.08","94.98","2805","56.85","90.70","90","56.82"
"462.65","2112.97","1488.27","1496.96","59.52","540.24","35.89","94.98","2887","57.43","90.70","90","56.92"
"428.78","1981.96","1022.24","969.16","49.10","482.87","36.45","94.98","2911","57.73","90.70","90","56.92"
"320.29","1964.93","1205.78","1219.86","52.46","380.18","38.11","94.98","2294","58.22","90.80","90","56.92"
"317.77","1990.93","1198.35","1193.47","52.20","392.54","37.45","94.98","2331","58.41","90.80","90","56.92"
"326.39","1994.96","1202.89","1197.84","52.61","403.45","37.20","94.98","2377","58.51","90.90","90","56.92"
"333.94","2007.96","1225.55","1219.86","53.08","414.89","37.40","94.98","2411","58.86","91","91","56.92"
"350.73","2032.96","1259.37","1252.89","53.64","428.55","36.60","94.98","2468","59.05","91","91","56.92"
"287.1","2047.97","1157.25","1149.45","51.74","348.67","37.64","94.98","2017","59.25","91.20","91","56.92"
"276.34","2026.91","1119.16","1118.66","50.66","342.49","37.68","94.98","2003","59.15","91.20","91","56.82"
"275.65","2003.93","1105.06","1105.47","50.48","341.50","37.90","94.98","2034","59.15","91.30","91","56.92"
"275.58","1970.97","1074.99","1074.67","50.00","340.96","37.90","94.98","2048","59.15","91.30","91","56.92"
"272.53","1938.93","1058.87","1061.48","49.48","337.22","37.90","94.98","2053","59.05","91.40","91","56.82"
"274.89","1917.96","1032.45","1037.27","48.94","337.99","38.07","94.98","2089","58.96","91.60","91","56.82"
"272.68","1896.91","1012.45","1015.3","48.57","336.46","41.18","82.50","2087","58.96","91.60","91","56.82"
"248.26","1782.92","589.38","538.08","39.19","282.37","39.85","75.24","2087","58.86","91.70","91","56.82"
"219.73","1515.95","347.78","300.59","34.80","244.30","41.29","83.36","2060","58.41","91.70","91","56.63"
"192.03","1308.95","345.31","346.68","34.94","210.19","41.56","94.98","1978","58.22","91.60","91","56.63"
"169.3","1225.91","341.77","355.46","34.94","191.42","42.10","94.98","1894","57.83","91.60","91","56.43"
"159.76","1178.94","336.29","333.5","34.93","181.05","42.23","94.98","1863","57.63","91.50","91","56.43"
"155.34","1156.97","347.51","348.98","35.18","176.17","42.25","94.98","1839","57.43","91.40","91","56.33"
"152.97","1148.91","349.48","351.09","35.26","173.19","42.13","94.98","1816","57.04","91.10","90","56.23"
"148.55","1148.91","349.89","337.99","35.32","168.99","41.54","94.98","1747","56.75","90.90","90","56.23"
"144.27","1143.97","349.99","344.57","35.25","160.37","41.46","94.98","1673","56.36","90.70","90","56.23"
"134.36","1137.92","349.99","351.09","35.24","152.74","41.71","94.98","1622","56.16","90.40","90","56.14"
"131.46","1128.95","349.99","351.09","35.17","147.48","41.88","94.98","1592","55.62","90.10","89","56.14"
"128.25","1122.91","349.99","351.09","35.09","144.43","41.61","94.98","1569","55.42","89.90","89","56.14"
"127.34","1133.99","389.06","370.9","37.04","144.20","38.79","94.98","1571","55.23","89.70","89","56.14"
"138.63","1222.98","416.08","410.48","36.81","154.88","40.19","94.98","1623","55.03","89.50","89","56.14"
"142.44","1269.95","540.76","516.09","39.35","165.79","39.33","94.98","1590","54.74","89.30","89","56.14"
"153.89","1372.94","500.17","505.06","38.55","170.60","40.14","94.98","1591","54.54","89","88","56.23"
"154.5","1391.99","493.57","491.9","38.08","170.14","40.04","94.98","1586","54.35","88.90","88","56.33"
"152.06","1383.93","450.00","450","37.14","170.75","40.13","93.31","1586","54.25","88.70","88","56.33"
"152.59","1351.98","640.89","584.18","41.80","182.50","38.69","94.98","1609","53.85","88.50","88","56.33"
"177.16","1507.99","741.08","764.66","43.58","203.63","38.67","94.98","1650","53.85","88.30","88","56.33"
"192.87","1599.91","796.77","795.39","44.56","222.86","38.69","94.98","1657","53.85","88.30","88","56.33"
"199.59","1641.93","817.27","815.16","44.70","232.17","38.82","94.98","1670","53.76","88.20","88","56.43"
"200.2","1665.92","715.26","749.21","41.63","233.77","39.38","94.98","1667","53.66","88.10","87","56.43"
"196.69","1626.91","648.07","643.6","40.89","227.74","39.76","94.98","1678","53.51","88","87","56.43"
"193.87","1592.95","601.79","593.1","40.12","222.09","39.67","94.98","1687","53.31","87.90","87","56.43"
"189.36","1571.98","573.97","557.9","39.73","215.69","39.48","94.98","1696","53.22","88","87","56.43"
"189.29","1549.92","573.19","575.46","39.66","211.34","39.79","94.97","1689","53.12","88","87","56.43"
"173.19","1500.94","326.92","300.59","34.19","193.94","41.55","94.69","1644","53.12","88","87","56.43"
"151.37","1248.98","327.88","309.28","34.32","165.56","41.57","94.98","1629","52.82","88","88","56.33"
"135.35","1156.97","326.59","337.99","34.41","152.74","41.99","94.98","1594","52.53","88","88","56.23"
"129.24","1130.97","322.28","331.29","34.23","141.68","42.24","94.98","1515","52.43","87.90","87","56.23"
"119.25","1122.91","317.78","326.92","34.34","132.52","42.12","94.75","1446","52.33","87.90","87","56.23"
"111.85","1113.94","314.19","311.48","34.15","124.36","42.32","94.30","1384","52.24","87.90","87","56.14"
"104.68","1103.96","310.29","298.29","34.06","115.97","41.87","94.53","1331","52.14","87.80","87","56.14"
"100.56","1090.96","308.86","300.59","33.99","112.54","41.67","94.60","1309","52.04","87.60","87","56.14"
"102.08","1092.97","319.57","335.7","34.27","114.14","41.44","94.42","1286","51.84","87.60","87","56.04"
"99.79","1101.94","309.60","304.96","33.99","110.78","41.33","94.77","1280","51.75","87.40","87","56.04"
"96.36","1088.94","313.50","313.68","34.11","108.34","40.76","94.75","1284","51.55","87.30","87","56.14"
"94.99","1103.96","313.18","309.28","34.05","108.26","40.82","94.44","1258","51.55","87.20","87","56.14"
"94.83","1094.99","307.49","309.28","33.89","105.74","41.49","94.77","1230","51.45","87.10","86","56.14"
"92.7","1077.96","306.30","307.08","33.90","102.85","41.83","94.98","1222","51.35","87","86","56.14"
"90.79","1066.97","307.08","302.7","33.92","101.09","41.71","94.98","1189","51.06","86.80","86","56.14"
"88.96","1058.91","343.06","337.99","34.80","98.50","41.62","94.98","1162","51.06","86.70","86","56.04"
"87.43","1054.98","348.79","364.38","34.92","96.74","41.96","94.98","1135","50.81","86.70","86","56.04"
"86.14","1049.94","349.80","357.67","34.90","95.14","41.99","94.98","1117","50.81","86.50","86","56.04"
"84.99","1041.98","349.99","353.35","34.82","94.76","41.80","94.98","1102","50.62","86.40","86","56.04"
"84.53","1039.96","349.99","355.46","34.77","96.28","42.35","94.98","1280","50.62","86.40","86","56.04"
"99.64","1043.99","315.01","315.88","33.91","111.47","41.50","93.95","1340","50.32","86.30","86","56.04"
"99.79","1069.99","315.61","302.7","34.01","112.08","41.09","94.32","1317","50.32","86.20","85","56.04"
"102.24","1088.94","322.19","324.71","34.24","113.15","40.93","94.05","1316","50.23","86","85","56.04"
"104.14","1105.97","372.18","357.67","35.47","120.39","40.01","93.89","1378","50.13","85.90","85","56.04"
"108.95","1158.98","372.69","377.48","35.06","120.77","40.59","92.48","1323","50.03","85.80","85","56.04"
"110.17","1165.94","356.70","355.46","34.84","120.93","40.76","92.23","1319","49.93","85.70","85","56.14"
"107.58","1163.93","345.58","340.17","34.53","119.94","40.79","92.08","1314","49.73","85.60","85","56.14"
"106.74","1156.97","341.18","340.17","34.48","117.27","40.97","92.05","1304","49.73","85.40","85","56.14"
"106.28","1150.93","342.87","344.57","34.62","118.79","40.69","92.02","1308","49.54","85.40","85","56.14"
"106.13","1152.94","342.69","344.57","34.66","116.96","40.55","92.10","1304","49.54","85.30","85","56.14"
"107.96","1161.91","374.98","379.68","35.38","117.88","40.78","92.33","1278","49.54","85.30","85","56.14"
"106.05","1163.93","353.49","353.35","34.77","118.33","40.92","91.89","1291","49.44","85.20","85","56.14"
"104.52","1156.97","340.58","337.99","34.46","114.98","40.84","91.68","1276","49.34","85.20","85","56.14"
"103","1146.99","334.28","331.29","34.39","114.98","40.75","91.68","1289","49.34","85.10","85","56.14"
"102.24","1139.94","333.08","331.29","34.47","113.37","40.96","91.83","1269","49.24","85","85","56.14"
"100.33","1137.92","328.77","333.5","34.20","110.17","40.73","91.82","1250","49.15","85","85","56.14"
"98.73","1130.97","329.18","322.46","34.20","110.09","40.85","91.96","1257","49.15","85","85","56.04"
"99.26","1126.94","332.07","335.7","34.29","109.79","40.38","92.81","1257","49.15","85","84","56.14"
"101.47","1143.97","377.66","388.46","35.31","111.16","40.74","92.38","1233","49.05","84.90","84","56.04"
"101.4","1161.91","373.01","375.28","35.29","112.38","40.59","92.32","1235","49.05","84.80","84","56.04"
"102.46","1163.93","373.88","377.48","35.22","114.29","40.61","92.22","1250","48.95","84.80","84","56.14"
"104.07","1161.91","363.22","362.07","34.93","114.60","40.68","92.13","1246","48.95","84.70","84","56.14"
"103.07","1161.91","353.86","353.35","34.67","113.76","40.78","92.13","1249","48.85","84.70","84","56.14"
"103.68","1161.91","435.29","417.09","37.42","116.58","38.93","94.98","1262","48.75","84.70","84","56.14"
"118.64","1244.95","592.87","595.21","40.33","136.34","39.29","94.98","1327","48.75","84.70","84","56.14"
"141.53","1314.99","633.28","643.6","40.86","169.83","39.07","94.98","1672","48.75","84.70","84","56.14"
"189.44","1436.94","710.20","738.18","42.07","224.54","38.74","94.98","1818","48.85","84.70","84","56.14"
"205.54","1569.97","803.40","810.76","44.02","244.98","38.57","94.98","1827","48.95","84.60","84","56.23"
"217.75","1635.98","835.75","841.58","44.53","259.78","38.24","94.98","1872","49.05","84.60","84","56.23"
"228.35","1669.94","848.76","845.96","44.77","274.43","38.48","94.98","1936","49.15","84.50","84","56.23"
"235.45","1680.93","863.46","861.26","44.99","287.94","38.14","94.98","2001","49.34","84.60","84","56.23"
"244.75","1699.97","877.56","876.69","45.02","300.75","37.88","94.98","2071","49.54","84.60","84","56.23"
"257.27","1718.93","908.59","911.98","45.75","316.47","38.04","94.98","2145","49.73","84.70","84","56.23"
"267.57","1740.99","933.36","934","46.39","330.28","37.95","94.98","2213","49.93","84.70","84","56.33"
"278.25","1746.94","950.14","949.36","46.87","343.63","37.78","94.98","2287","50.23","84.90","85","56.23"
"289.69","1767.91","992.96","993.37","47.66","361.03","37.74","94.98","2361","50.62","85","85","56.33"
"303.27","1795.92","1038.37","1037.27","48.74","379.34","37.27","94.98","2433","51.26","85.20","85","56.33"
"319.98","1825.95","1097.56","1107.67","50.21","401.54","37.09","94.98","2513","51.65","85.30","85","56.33"
"353.78","1885.92","1260.89","1255.06","52.70","430.99","37.05","94.98","2595","52.33","85.40","85","56.43"
"385.37","1981.96","1334.28","1351.75","54.65","470.13","36.27","94.84","2685","53.02","85.50","85","56.43"
"432.59","2094.94","1443.34","1446.37","57.42","513.47","35.55","94.98","2779","53.85","85.70","85","56.43"
"485.16","2193.91","1417.00","1468.48","56.16","552.68","35.92","94.98","2844","54.74","85.80","86","56.43"
"341.65","2045.96","1294.76","1285.89","54.23","393.45","37.51","94.98","2270","55.42","86","86","56.43"
"330.43","2090.91","1276.69","1239.65","52.61","404.29","38.60","94.98","2269","55.91","86.20","86","56.43"
"338.6","2092.92","1245.04","1224.26","53.44","416.19","36.84","94.98","2327","56.36","86.40","86","56.43"
"345.23","2086.97","1179.09","1226.47","53.78","423.44","39.46","94.98","2360","56.75","86.60","86","56.43"
"352.33","2084.96","1304.37","1292.37","53.67","431.30","37.29","94.98","2410","57.14","86.90","87","56.43"
"358.28","2080.93","1271.37","1281.48","54.42","438.54","36.97","94.98","2466","57.53","87","87","56.53"
"370.56","2092.92","1305.47","1312.17","54.47","452.43","36.98","94.98","2509","58.12","87.20","87","56.43"
"387.2","2116.91","1332.16","1345.26","55.64","466.24","36.04","94.98","2558","58.61","87.40","87","56.53"
"410.77","2178.99","1388.37","1411.17","57.32","489.74","36.75","94.98","2588","59.35","87.50","87","56.43"
"443.05","2257.9","1158.58","1107.67","52.37","511.48","37.61","94.98","2659","59.94","87.60","87","56.53"
"318.07","2103.91","1260.48","1277.06","53.28","384.37","37.51","94.98","2173","60.33","87.80","88","56.53"
"310.6","2112.97","1184.34","1202.25","52.73","377.43","38.04","94.98","2158","60.52","87.90","88","56.53"
"307.7","2088.99","1206.79","1186.95","52.31","384.07","37.67","94.98","2187","60.52","88.10","88","56.53"
"309.99","2064.91","1176.56","1167.09","52.20","386.36","37.58","94.98","2209","60.62","88.20","88","56.53"
"312.2","2052.92","1171.86","1169.29","51.90","387.58","37.71","94.98","2222","60.72","88.40","88","56.53"
"258.26","1663.99","354.27","351.09","34.63","296.48","41.50","61.16","2176","60.33","88.50","88","56.43"
"219.65","1460.93","350.40","348.98","34.89","245.14","41.64","84.84","2065","60.03","88.60","88","56.43"
"192.34","1308.95","344.48","351.09","34.97","209.12","41.81","94.98","1957","59.84","88.70","88","56.33"
"168.38","1231.95","349.21","357.67","35.14","189.75","42","94.98","1874","59.64","88.80","88","56.23"
"157.63","1186.91","349.89","357.67","35.23","177.39","42.04","94.98","1802","59.25","88.70","88","56.14"
"149.77","1161.91","349.99","335.7","35.19","170.98","41.50","94.98","1777","59.05","88.70","88","56.04"
"149.69","1154.95","349.99","351.09","35.18","168.84","41.66","94.98","1757","58.61","88.60","88","56.04"
"145.72","1152.94","334.37","346.68","39.26","165.79","39.36","94.98","1726","58.32","88.50","88","56.04"
"139.09","1148.91","666.81","696.46","42.21","156.94","41.54","94.98","1640","58.12","88.40","88","55.94"
"131.15","1141.95","693.66","702.97","42.44","146.33","41.61","94.98","1548","57.73","88.20","88","55.94"
"122.38","1133.99","698.80","702.97","42.37","135.88","41.84","94.92","1478","57.53","88","87","55.94"
"116.35","1120.99","699.76","700.91","42.39","130.77","42.14","94.60","1457","57.34","87.90","87","55.94"
"114.82","1111.92","699.99","705.29","42.29","127.79","41.83","94.33","1436","56.94","87.70","87","55.94"
"111.39","1103.96","499.99","650.18","34.47","126.50","50.71","94.98","1532","56.75","87.50","87","55.94"
"140.54","1265.92","626.28","641.49","40.53","159.46","39.93","94.98","1637","56.65","87.30","87","55.94"
"192.34","1413.96","742.19","714","43.46","230.64","38.77","94.98","1935","56.65","87.20","86","56.04"
"215.38","1577.93","811.17","821.65","44.53","259.63","38.52","94.98","1932","56.65","87.10","86","56.04"
"228.66","1678.92","848.48","848.16","45.33","276.19","38.42","94.98","1953","56.65","86.90","86","56.14"
"237.89","1733.94","878.57","885.56","45.79","286.87","38.17","94.98","1961","56.65","86.80","86","56.14"
"242.47","1759.94","888.00","885.56","46.01","296.86","38.09","94.98","2009","56.65","86.70","86","56.14"
"250.55","1785.94","909.37","909.78","46.24","306.93","38.18","94.98","2046","56.65","86.70","86","56.23"
"256.96","1804.99","932.58","934","46.57","313.27","38.07","94.98","2044","56.75","86.70","86","56.23"
"261.77","1821.92","881.57","936.06","43.07","319.37","40.34","75.76","2081","56.85","86.70","86","56.23"
"246.66","1740.99","835.89","922.97","46.60","274.28","39.89","94.98","1821","56.85","86.80","86","56.23"
"260.39","1727.99","961.26","955.88","47.07","318.15","38.49","94.98","2178","56.85","86.90","86","56.23"
"267.64","1785.94","945.76","929.55","47.14","329.06","37.79","94.98","2181","57.04","86.90","87","56.23"
"279.16","1836.94","980.78","986.77","47.82","345.85","37.90","94.98","2207","57.14","87","87","56.23"
"289.77","1866.97","1031.44","1048.39","48.56","358.13","38.02","94.98","2260","57.34","87.10","87","56.33"
"262.07","1900.94","1002.16","995.48","48.03","307.55","38.85","94.98","1874","57.43","87.10","87","56.33"
"245.29","1881.98","922.10","889.97","47.38","296.48","37.84","94.98","1865","57.53","87.20","87","56.33"
"242.54","1870.91","962.37","971.4","47.54","295.80","38.01","94.98","1864","57.53","87.30","87","56.33"
"255.05","1829.98","998.16","982.39","48.66","343.63","37.01","94.98","2401","57.53","87.40","87","56.33"
"298.54","1814.97","990.67","973.58","48.33","373.85","37.56","94.98","2378","57.53","87.50","87","56.33"
"312.66","1868.98","1091.46","1085.66","49.09","387.35","47.96","12.00","2353","57.73","87.50","87","56.33"
"247.73","1494.99","353.17","351.09","34.34","241.40","41.90","94.90","1798","57.53","87.60","87","56.33"
"180.59","1323.96","339.89","348.98","34.36","201.72","42.13","94.98","1857","57.34","87.70","87","56.23"
"164.03","1227.92","338.31","344.57","34.57","185.09","42.41","94.98","1839","57.04","87.70","87","56.14"
"155.87","1178.94","337.67","324.71","34.69","176.78","41.97","94.98","1809","56.85","87.70","87","56.04"
"151.6","1156.97","336.71","326.92","34.77","171.66","41.96","94.98","1779","56.65","87.70","87","56.04"
"146.64","1143.97","335.10","329.09","34.62","167.24","41.68","94.98","1749","56.26","87.70","87","56.04"
"146.26","1143.97","334.37","333.5","34.67","165.79","41.73","94.98","1739","55.91","87.60","87","55.94"
"144.96","1143.97","331.98","331.29","34.49","161.29","41.75","94.98","1687","55.62","87.50","87","55.94"
"136.34","1141.95","327.28","326.92","34.40","151.75","41.86","94.98","1596","55.23","87.40","87","55.84"
"125.12","1137.92","320.26","326.92","34.23","138.48","42.13","94.92","1476","54.84","87.20","86","55.84"
"112.08","1126.94","313.77","322.46","34.05","125.05","42.36","94.33","1390","54.54","87","86","55.84"
"106.97","1111.92","310.98","304.96","33.98","117.57","41.89","94.58","1315","54.35","86.80","86","55.84"
"95.83","1101.94","306.66","291.71","33.89","104.14","41.52","94.98","1201","53.95","86.60","86","55.84"
"105.06","1079.97","315.01","309.28","34.10","112.69","40.68","94.54","1303","53.66","86.40","86","55.84"
"115.36","1092.97","327.28","329.09","34.41","131.76","40.73","93.84","1444","53.51","86.30","86","55.84"
"134.36","1092.97","330.05","335.7","34.37","151.14","41.86","94.98","1607","53.22","86.10","85","55.84"
"120.85","1113.94","327.37","329.09","34.37","139.77","41.19","94.98","1633","53.02","86","85","55.84"
"144.58","1109.91","335.88","344.57","34.48","165.56","41.71","94.98","1727","52.92","85.80","85","55.84"
"133.9","1126.94","323.89","324.71","34.17","144.35","41.96","94.98","1495","52.82","85.60","85","55.84"
"106.89","1126.94","306.98","320.4","33.82","111.09","42.19","94.98","1203","52.82","85.40","85","55.84"
"85.76","1101.94","315.01","304.96","34.02","90.03","41.93","94.98","864","52.92","85.20","85","55.84"
"61.57","1058.91","315.01","335.7","34.05","68.67","42.31","94.98","722","52.82","85.10","85","55.74"
"58.67","1028.98","315.01","313.68","33.99","66.00","42.43","94.98","724","52.73","85","85","55.84"
"74.46","1007.92","421.68","373.1","37.65","102.24","38.97","88.08","1446","52.53","85.10","85","55.84"
"148.93","1182.97","675.59","702.97","41.89","183.87","38.67","94.98","1843","53.02","85.20","85","55.84"
"196.38","1449.94","755.05","757.99","43.36","232.09","38.38","94.98","1841","53.66","85.30","85","55.94"
"213.63","1592.95","816.17","815.16","44.30","257.34","38.51","94.98","1912","53.95","85.30","85","55.94"
"233.23","1663.99","853.16","856.94","45.03","290.15","37.95","94.98","2108","54.35","85.40","85","56.04"
"270.24","1725.98","935.56","947.1","46.59","341.04","37.49","94.98","2374","54.74","85.50","85","56.14"
"266.19","1539.94","360.70","390.67","33.99","290.15","42.32","66.40","2089","55.03","85.60","85","56.14"
"157.4","1376.97","322.97","307.08","33.60","159.23","41.99","94.28","1388","55.13","85.80","86","56.14"
"110.63","1203.94","307.17","293.98","33.58","118.33","41.68","94.98","1240","55.03","86","86","56.04"
"93.69","1130.97","308.36","311.48","35.91","103.53","36.29","94.98","1128","55.13","86.20","86","56.04"
"85.37","1090.96","662.26","683.18","41.52","90.79","41.52","94.98","950","55.13","86.40","86","55.94"
"68.59","1062.94","315.01","439.1","33.61","68.28","49.85","94.98","727","55.13","86.60","86","55.94"
"58.14","1037.95","315.01","293.98","33.78","65.77","42.39","94.98","728","55.03","86.80","87","55.94"
"56.69","1020.92","315.01","309.28","33.77","63.94","42.24","94.98","721","54.84","87","87","55.94"
"57.45","1011.95","315.01","309.28","34.09","62.87","40.86","94.98","909","54.74","87.10","87","55.94"
"114.44","1064.96","373.19","513.91","34.08","131.23","51.20","92.08","1101","54.84","87.20","87","55.94"
"67.6","1096.91","315.01","335.7","34.10","72.63","42.73","94.98","724","55.13","87.40","87","55.94"
"59.13","1043.99","315.01","318.06","34.01","66.00","42.45","94.98","719","55.03","87.40","87","55.94"
"52.87","1024.95","315.01","311.48","33.94","60.43","42.08","94.98","711","54.84","87.50","87","55.94"
"55.85","1015.97","315.01","318.06","33.87","62.94","42.24","94.98","717","54.84","87.50","87","55.94"
"56.69","1011.95","315.01","318.06","33.85","62.94","42.36","94.98","719","54.74","87.50","87","55.94"
"55.16","1011.95","327.79","315.88","34.42","61.19","39.46","94.28","1076","54.74","87.50","87","56.04"
"125.73","1084.91","611.17","601.88","40.93","155.87","38.59","94.98","1764","55.23","87.50","87","56.04"
"184.94","1361.96","728.86","731.66","42.94","228.27","38.57","94.98","2042","55.82","87.50","87","56.04"
"228.96","1545.98","835.39","819.56","44.79","296.94","37.96","94.98","2355","56.55","87.60","87","56.04"
"310.14","1603.93","1073.75","1092.28","49.71","412.07","36.23","91.11","3151","57.04","87.70","87","56.14"
"369.73","1509.91","588.05","529.18","38.93","424.35","38.01","56.65","3359","57.83","87.80","87","56.23"
"346","1385.94","392.59","401.7","35.01","386.59","41.25","52.33","3272","58.51","87.80","88","56.23"
"298.47","1282.95","615.30","553.49","42.19","331.04","39.36","72.44","2689","59.15","88","88","56.23"
"229.88","1549.92","833.18","848.16","44.33","280.16","38.40","94.98","2081","59.94","88.20","88","56.23"
"252.54","1703.91","906.89","909.78","45.91","315.86","38.06","94.98","2245","60.52","88.40","88","56.23"
"291.83","1761.96","994.98","997.75","47.82","364.69","37.16","94.98","2499","60.92","88.50","88","56.33"
"357.75","1832.91","1229.36","1243.94","52.78","441.44","35.92","90.10","2794","61.75","88.70","89","56.33"
"405.74","1921.99","653.99","727.16","40.16","453.50","39.92","48.99","2942","62.53","88.90","89","56.33"
"286.79","1710.96","1043.85","1008.78","49.46","301.06","38.10","94.98","2037","63.12","89.10","89","56.43"
"270.92","1870.91","1048.16","1043.94","48.51","321.74","37.68","94.98","2137","63.61","89.30","89","56.43"
"288.93","1902.95","1058.78","1061.48","48.82","350.88","37.19","94.98","2249","63.96","89.50","89","56.43"
"302.05","1904.96","1091.36","1063.78","49.54","373.85","37.94","94.98","2344","64.35","89.70","90","56.43"
"318.76","1926.94","1116.27","1129.69","50.32","397.50","37.47","94.98","2458","64.74","90","90","56.53"
"321.43","1947.99","1115.35","1087.86","49.30","370.03","39.27","94.98","1997","65.33","90.20","90","56.53"
"256.89","1906.98","947.19","971.4","47.09","311.05","36.59","94.98","1988","65.43","90.40","90","56.53"
"255.13","1872.92","994.20","986.77","47.51","311.97","38.05","94.98","2013","65.62","90.70","91","56.43"
"264.97","1876.95","981.38","975.78","47.39","323.19","38.11","94.98","2083","65.92","91","91","56.43"
"272.45","1874.93","974.45","971.4","47.23","333.33","38.14","94.98","2149","65.92","91.20","91","56.43"
"279.7","1876.95","991.36","993.37","47.55","347.75","37.87","94.98","2229","66.11","91.40","91","56.43"
"287.48","1864.95","1003.58","999.86","47.85","360.26","37.76","94.98","2302","66.11","91.60","91","56.43"
"239.49","1892.97","979.77","991.08","47.28","291.68","38.64","94.98","1904","66.46","91.80","92","56.43"
"248.26","1887.94","971.27","975.78","47.20","304.26","38.21","94.98","1950","66.46","91.90","92","56.43"
"252.99","1892.97","966.59","953.77","47.02","306.48","38.29","94.98","1960","66.46","92","92","56.43"
"254.06","1894.98","953.35","962.46","46.87","308.23","38.36","94.98","1964","66.31","92.20","92","56.43"
"253.99","1885.92","959.96","958.08","46.88","310.60","38.32","94.98","1985","66.11","92.40","92","56.43"
"257.95","1883.91","956.57","949.36","46.80","315.56","38.24","94.98","2023","66.11","92.50","92","56.43"
"261.54","1876.95","949.36","947.1","46.93","320.06","37.95","94.98","2051","66.11","92.60","92","56.43"
"262","1879.97","953.08","953.77","46.91","321.96","38.09","94.98","2068","66.02","92.70","92","56.43"
"266.96","1870.91","962.37","962.46","47.16","328.83","37.94","94.98","2106","66.02","92.80","92","56.43"
"272.3","1874.93","976.88","982.39","47.32","335.47","38.09","94.98","2140","65.92","92.90","92","56.43"
"272.07","1855.98","821.05","784.41","44.11","332.57","37.85","86.72","2060","65.92","92.90","92","56.43"
"231.56","1825.95","926.98","971.4","46.34","281.07","38.61","94.98","1807","65.72","92.90","92","56.43"
"228.27","1838.95","924.67","918.56","46.42","276.65","38.61","94.98","1806","65.62","92.90","92","56.43"
"229.5","1834.93","919.39","909.78","46.10","276.65","38.97","94.98","1798","65.33","92.90","93","56.43"
"231.1","1829.98","910.38","918.56","45.69","277.33","38.97","94.98","1810","65.04","93","93","56.43"
"232.24","1832.91","903.77","909.78","45.99","279.93","38.02","94.98","1843","64.74","93.10","93","56.43"
"234.84","1827.97","906.66","914.16","46.38","283.97","39.09","94.98","1862","64.55","93.20","93","56.43"
"236.67","1836.94","924.58","927.35","46.60","288.09","38.48","94.98","1879","64.25","93.20","93","56.43"
"234.07","1821.92","745.99","744.76","42.02","282.75","39.71","94.98","1883","63.96","93.30","93","56.43"
"229.27","1742.91","727.58","709.6","42.28","267.80","39.04","94.98","1896","63.61","93.20","93","56.43"
"226.98","1703.91","650.59","641.49","41.13","261.23","39.39","94.43","1898","63.22","93.10","93","56.43"
"216.45","1665.92","575.78","566.68","39.56","243.84","39.80","90.34","1902","63.03","93.10","93","56.43"
"222.32","1648.98","828.90","835.06","45.01","255.59","38.67","94.98","1917","62.53","93","92","56.43"
"230.64","1746.94","860.15","863.6","44.56","269.25","38.75","94.98","1935","62.44","93","92","56.43"
"234.07","1744.93","712.67","696.46","41.94","268.48","39.07","94.98","1941","62.04","92.90","92","56.43"
"236.74","1759.94","878.80","896.46","45.51","279.54","38.34","94.98","1962","61.75","92.80","92","56.43"
"244.14","1804.99","899.90","898.8","46.04","295.19","38.40","94.98","1981","61.46","92.70","92","56.43"
"247.35","1827.97","916.36","920.68","46.11","304.04","38.88","94.98","1996","61.36","92.60","92","56.43"
"244.98","1778.99","597.00","590.9","39.88","281.68","40.02","90.16","1986","61.01","92.50","92","56.43"
"233.39","1652.92","342.60","326.92","34.06","254.14","42.49","91.94","1980","60.72","92.40","92","56.43"
"195.24","1378.99","343.38","322.46","34.32","216.45","41.67","94.98","1953","60.23","92.30","92","56.33"
"176.85","1259.97","342.37","348.98","34.47","197.38","42.04","94.98","1925","59.84","92.20","92","56.33"
"171.74","1225.91","387.46","381.88","35.88","197.53","40.39","94.98","1905","59.64","92.10","91","56.23"
"182.27","1293.93","505.56","489.69","37.90","208.13","40.37","92.66","1909","59.35","92","91","56.23"
"189.44","1366.99","440.66","430.27","36.77","213.17","40.38","92.00","1894","59.15","91.80","91","56.23"
"179.6","1400.96","537.99","566.68","38.42","204.85","41.45","83.87","1883","58.86","91.60","91","56.23"
"196.38","1453.97","477.70","476.37","37.57","218.89","40.43","87.48","1884","58.51","91.40","91","56.23"
"187.46","1473.93","539.07","535.79","38.87","209.89","39.94","75.64","1881","58.32","91.20","90","56.23"
"192.8","1511.92","497.79","507.26","37.96","221.56","40.44","82.16","1877","58.12","91","90","56.23"
"197.15","1481.98","491.99","474.26","38.29","218.97","39.56","72.94","1890","57.73","90.70","90","56.23"
"191.96","1511.92","506.66","529.18","37.95","216.98","40.26","75.50","1863","57.53","90.50","90","56.23"
"197.68","1475.94","468.75","456.69","37.09","221.33","40.41","79.04","1868","57.34","90.30","90","56.23"
"191.65","1451.95","540.08","520.4","38.71","207.29","39.73","68.56","1861","56.94","90.10","89","56.23"
"189.75","1498.92","541.27","549.07","38.75","213.63","39.91","67.32","1857","56.85","89.90","89","56.23"
"190.28","1517.97","519.39","516.09","38.19","214.85","40.05","68.76","1857","56.65","89.80","89","56.23"
"196.08","1498.92","484.69","483.09","37.54","221.87","40.24","73.38","1865","56.36","89.60","89","56.23"
"195.47","1475.94","457.36","480.88","36.94","220.03","40.59","75.63","1863","56.16","89.50","89","56.23"
"192.49","1443.99","440.57","430.27","36.74","216.75","39.96","78.57","1873","55.91","89.30","89","56.23"
"190.05","1428.97","336.80","304.96","34.26","209.28","41.11","94.82","1831","55.62","89.20","89","56.23"
"168.15","1252.92","337.67","324.71","34.32","187.23","41.65","94.98","1820","55.33","89.10","89","56.14"
"155.26","1180.96","337.07","337.99","34.30","175.94","41.70","94.98","1792","55.03","89","88","56.14"
"146.56","1150.93","622.06","643.6","41.02","166.78","41.22","94.98","1706","54.74","88.90","88","56.14"
"137.56","1148.91","686.30","700.91","41.73","152.36","41.57","94.98","1585","54.44","88.70","88","56.04"
"125.35","1143.97","697.47","714","41.80","139.77","42.02","94.98","1480","54.25","88.60","88","56.04"
"115.28","1130.97","699.49","709.6","41.73","127.03","42.01","94.27","1388","53.95","88.40","88","56.04"
"107.04","1118.97","699.90","676.6","41.81","117.19","41.86","94.59","1314","53.76","88.30","88","56.04"
"101.55","1101.94","699.99","696.46","41.73","111.92","41.65","94.66","1295","53.51","88.20","88","56.04"
"96.74","1092.97","699.99","698.57","41.66","108.57","41.66","94.82","1278","53.31","88","87","56.04"
"98.19","1092.97","318.56","309.28","33.48","110.09","40.70","94.25","1295","53.12","87.90","87","56.04"
"113.98","1146.99","416.26","480.88","35.98","122.99","40.32","94.61","1333","53.02","87.80","87","56.04"
"114.14","1203.94","457.86","425.87","37.19","127.34","40.15","79.93","1337","52.92","87.70","87","56.04"
"114.6","1229.94","386.70","386.29","35.28","125.89","40.38","75.92","1330","52.73","87.60","87","56.14"
"113.3","1220.96","379.36","388.46","35.04","125.89","40.50","75.56","1317","52.43","87.40","87","56.04"
"112.15","1212.91","373.61","368.7","35.02","124.67","40.51","75.15","1313","52.24","87.30","87","56.14"
"112.23","1203.94","366.50","362.07","35.00","124.36","40.56","75.08","1315","52.04","87.30","87","56.14"
"113.37","1205.95","380.28","390.67","35.23","123.37","40.49","74.75","1298","51.75","87.20","87","56.14"
"110.78","1208.97","377.98","375.28","35.04","123.45","40.64","74.35","1305","51.65","87.10","86","56.14"
"112.38","1208.97","374.71","377.48","35.03","123.14","40.56","74.33","1312","51.55","87","86","56.14"
"111.16","1210.98","436.58","412.68","36.46","127.18","40.24","77.12","1304","51.35","86.90","86","56.04"
"114.67","1233.96","487.77","452.29","38.55","131.76","37.29","94.98","1416","51.26","86.90","86","56.14"
"152.67","1323.96","664.79","683.18","40.78","191.96","38.40","94.98","1745","51.26","86.80","86","56.14"
"190.58","1479.97","766.17","733.77","43.20","243.76","38.39","94.98","2050","51.26","86.80","86","56.14"
"253.45","1548","858.55","859.19","45.02","309.15","38.59","94.98","2271","51.35","86.70","86","56.14"
"275.65","1699.97","951.66","964.75","46.67","341.95","37.80","94.98","2339","51.45","86.60","86","56.23"
"301.67","1795.92","1035.89","1046.19","48.15","376.29","37.54","94.98","2417","51.75","86.50","86","56.23"
"321.05","1842.98","1122.56","1129.69","50.05","399.33","37.39","94.98","2481","52.04","86.40","86","56.23"
"349.05","1902.95","1240.48","1257.26","52.00","428.17","36.89","93.68","2579","52.43","86.40","86","56.23"
"389.56","1990.93","1338.74","1351.75","54.51","468.15","36.46","94.98","2656","53.02","86.40","86","56.33"
"436.33","2101.99","1441.46","1459.56","57.24","512.17","35.93","94.45","2768","53.95","86.50","86","56.33"
"454.26","2156.92","895.59","909.78","45.90","503.39","38.24","83.41","2843","54.74","86.60","86","56.43"
"350.04","1964.93","1290.36","1232.95","52.65","374.23","37.84","94.98","2241","55.42","86.80","87","56.33"
"316.78","2028.93","1189.75","1217.68","52.42","389.94","38.86","94.98","2268","55.91","87","87","56.43"
"327.46","2030.94","1209.47","1206.7","51.94","401.39","37.73","94.98","2312","56.36","87.20","87","56.43"
"330.59","2028.93","1229.59","1217.68","52.17","409.86","38.48","94.98","2362","56.85","87.40","87","56.43"
"336.08","2015.93","1216.58","1235.25","52.29","417.18","37.49","94.98","2404","57.14","87.70","88","56.43"
"346.68","2022.98","1258.46","1250.68","52.69","426.03","38.14","94.98","2457","57.63","87.90","88","56.43"
"357.75","2032.96","1261.48","1272.56","53.21","437.17","37.26","94.98","2509","58.12","88.10","88","56.43"
"369.73","2056.94","1310.98","1301.25","54.07","451.90","36.48","94.98","2552","58.61","88.30","88","56.43"
"389.94","2112.97","1352.94","1343.06","55.11","472.57","36.76","94.83","2593","59.25","88.40","88","56.53"
"420.08","2176.97","1407.64","1435.48","56.82","497.14","36.36","94.75","2651","59.84","88.60","88","56.43"
"455.79","2268.98","1497.47","1490.36","58.87","528.95","35.75","94.37","2711","60.62","88.70","88","56.53"
"487.07","2353.94","1547.25","1551.98","60.93","560.46","35.43","92.58","2770","61.65","88.90","89","56.63"
"512.85","2419.96","1573.53","1562.96","58.10","596.86","50.98","94.98","2812","62.53","89","89","56.63"
"395.67","1956.97","744.98","707.4","43.68","420.08","38.46","94.98","2432","63.03","89.10","89","56.63"
"296.56","1862.94","1030.69","1068.16","48.51","359.58","38.80","94.98","2281","63.12","89.30","89","56.63"
"296.48","1904.96","1027.98","1021.88","49.57","368.05","38.68","94.98","2286","63.22","89.50","89","56.53"
"302.66","1928.95","1050.87","1087.86","49.39","376.90","37.82","94.98","2300","63.22","89.70","89","56.53"
"306.63","1953.95","1114.66","1096.69","50.11","383.99","37.94","94.98","2323","63.22","89.80","90","56.53"
"313.73","1964.93","1111.30","1136.29","50.79","389.33","37.23","94.98","2340","63.12","90","90","56.63"
"321.58","1975.92","1158.68","1151.66","50.81","395.44","37.68","94.98","2339","63.22","90","90","56.53"
"324.64","1986.9","1153.26","1156.06","51.40","399.86","36.61","94.98","2375","63.42","90.10","90","56.53"
"289.39","1930.97","390.07","535.79","23.16","369.50","41.05","46.42","2350","63.22","90.20","90","56.53"
"243.76","1410.94","360.01","326.92","34.61","272.30","41.64","51.89","2325","62.53","90.20","90","56.53"
"221.18","1317.92","359.00","368.7","34.84","252.15","42.19","52.06","2297","62.34","90.30","90","56.43"
"210.27","1278.92","358.40","357.67","37.14","239.87","38.68","52.00","2272","62.04","90.20","90","56.23"
"201.5","1252.92","665.98","698.57","41.66","230.33","42.33","53.90","2246","61.65","90.20","90","56.23"
"197.07","1233.96","693.66","700.91","42.03","224.77","42.19","58.33","2212","61.21","90.10","89","56.14"
"192.57","1222.98","698.80","698.57","42.15","219.35","42.13","63.11","2176","60.62","89.90","89","56.14"
"188.98","1214.92","699.76","694.16","41.98","215.23","41.84","68.64","2162","60.23","89.80","89","56.14"
"185.09","1201.92","699.99","694.16","41.94","210.27","41.73","73.15","2133","59.74","89.60","89","56.04"
"183.87","1195.97","699.99","694.16","41.92","206.68","41.55","78.03","2105","59.35","89.30","89","56.04"
"178.07","1186.91","699.99","700.91","41.98","201.95","41.59","82.72","2074","58.96","89.10","88","56.04"
"176.78","1180.96","699.99","698.57","41.95","198.14","41.66","87.53","2054","58.41","88.90","88","56.04"
"175.63","1180.96","699.99","698.57","41.93","195.85","41.59","91.82","2025","58.02","88.60","88","56.04"
"172.88","1178.94","699.99","700.91","41.85","193.56","41.71","94.98","1999","57.63","88.40","88","56.04"
"172.66","1180.96","382.89","368.7","35.32","194.17","39.62","94.98","2026","57.34","88.20","87","56.04"
"174.87","1312.98","637.77","621.65","41.68","215.84","38.34","88.11","1991","57.04","88","87","56.04"
"212.86","1477.96","460.29","447.88","36.32","240.79","40.88","86.60","1957","56.85","87.70","87","56.04"
"190.74","1327.99","343.47","311.48","34.38","210.73","41.37","94.98","1959","56.36","87.50","87","56.14"
"175.48","1225.91","342.46","348.98","34.45","194.32","41.88","94.98","1935","55.91","87.30","87","56.14"
"167.16","1184.98","461.48","370.9","39.47","186.77","40.74","94.98","1898","55.62","87.10","86","56.04"
"162.13","1167.95","670.08","698.57","41.63","181.05","41.69","94.98","1867","55.33","86.90","86","56.04"
"157.09","1161.91","694.26","714","41.80","177.77","42.02","94.98","1840","55.03","86.70","86","56.04"
"154.5","1152.94","698.98","700.91","41.91","174.33","42.19","94.98","1810","54.74","86.60","86","56.04"
"149.54","1150.93","699.76","689.88","41.71","168.08","41.72","94.98","1729","54.54","86.40","86","56.04"
"141.83","1148.91","699.99","692.05","41.67","158.16","41.64","94.98","1644","54.35","86.20","85","56.04"
"132.45","1139.94","699.99","700.91","41.70","148.55","41.70","94.98","1576","53.95","86.10","85","56.04"
"129.47","1130.97","699.99","702.97","41.64","144.96","41.76","94.98","1562","53.76","85.90","85","56.04"
"126.27","1120.99","699.99","696.46","27.97","142.60","50.78","94.98","1547","53.51","85.70","85","55.94"
"124.67","1116.96","322.01","318.06","33.76","140.15","42.14","94.98","1529","53.22","85.60","85","56.04"
"123.37","1113.94","321.00","311.48","33.82","137.79","41.81","94.63","1510","53.12","85.50","85","55.94"
"127.49","1143.97","427.29","436.85","36.41","146.56","40.42","94.93","1560","52.92","85.40","85","56.04"
"131.46","1212.91","348.70","348.98","34.05","146.64","41.47","89.33","1474","52.82","85.30","85","56.04"
"124.13","1158.98","318.79","296.09","33.87","138.25","41.52","94.12","1481","52.73","85.10","85","56.04"
"119.48","1126.94","317.78","331.29","33.88","133.06","41.93","94.33","1456","52.43","85.10","84","56.04"
"116.2","1111.92","315.79","326.92","33.70","127.95","42.42","94.10","1423","52.24","84.90","84","56.04"
"111.24","1103.96","314.51","318.06","33.67","124.67","42.47","93.92","1404","52.14","84.80","84","55.94"
"110.78","1096.91","313.77","313.68","33.61","122.68","42.28","93.87","1390","51.84","84.80","84","55.94"
"108.03","1092.97","312.58","313.68","33.73","120.24","42.19","94.03","1359","51.65","84.70","84","55.94"
"98.5","1092.97","305.19","285.2","33.55","105.74","41.56","94.98","1186","51.45","84.60","84","55.94"
"90.03","1073.93","306.16","313.68","33.46","103.07","41.49","94.58","1317","51.35","84.50","84","55.94"
"106.74","1084.91","336.48","331.29","34.41","131.76","40.59","93.99","1612","51.06","84.50","84","55.94"
"161.67","1175.92","678.57","709.6","41.60","183.26","39.53","94.98","1770","51.06","84.40","84","56.04"
"184.94","1434.93","739.48","720.58","42.63","214.16","38.56","94.98","1806","51.35","84.20","84","56.04"
"205.46","1573.9","805.69","808.58","43.81","244.07","38.76","94.98","1843","51.35","84.10","83","56.14"
"217.9","1616.94","634.06","634.88","40.47","256.35","36.34","94.98","1952","51.35","83.90","83","56.14"
"191.65","1633.96","810.98","764.66","44.37","215.00","39.12","94.98","1587","51.35","83.80","83","56.23"
"190.05","1648.98","770.76","777.76","42.68","223.16","38.57","94.98","1631","51.45","83.80","83","56.23"
"198.75","1663.99","839.70","837.18","44.20","234.38","38.81","94.98","1651","51.55","83.90","84","56.23"
"205.39","1680.93","857.68","845.96","44.40","242.69","38.78","94.98","1689","51.55","83.90","84","56.23"
"210.5","1697.96","868.84","856.94","44.45","250.63","38.53","94.98","1739","51.65","84.10","84","56.23"
"215.38","1701.99","859.97","854.77","44.53","255.36","38.72","94.98","1773","51.75","84.30","84","56.23"
"219.35","1712.98","866.90","861.26","44.65","259.63","38.82","94.98","1803","52.04","84.50","84","56.23"
"222.63","1710.96","866.99","863.6","44.53","264.29","38.53","94.98","1823","52.14","84.60","84","56.23"
"225.07","1712.98","867.65","872.38","44.53","269.47","38.43","94.98","1843","52.24","84.80","85","56.23"
"227.97","1718.93","870.77","878.96","44.72","273.90","38.73","94.98","1904","52.43","84.90","85","56.23"
"234.07","1735.96","880.98","878.96","44.76","286.18","38.49","94.98","1942","52.73","85.10","85","56.23"
"238.65","1750.97","890.38","892.05","45.08","289.77","38.42","94.37","1947","52.92","85.20","85","56.23"
"229.27","1663.99","404.40","390.67","35.14","257.19","40.57","92.18","1820","53.02","85.40","85","56.23"
"150","1410.94","317.28","289.6","33.25","159.08","41.36","93.31","1466","52.82","85.50","85","56.23"
"125.43","1218.95","316.39","307.08","33.55","139.16","41.75","94.98","1436","52.53","85.60","85","56.23"
"117.04","1146.99","315.01","326.92","33.57","129.47","42.12","94.75","1411","52.43","85.70","85","56.14"
"111.39","1122.91","592.69","597.5","40.24","124.89","41.61","94.45","1387","52.43","85.80","85","56.14"
"108.03","1111.92","680.15","707.4","41.41","120.09","42.14","94.37","1359","52.33","86","86","56.04"
"116.27","1116.96","486.80","447.88","38.95","141.68","38.60","94.98","1414","52.33","86","86","56.04"
"141.15","1295.95","645.68","641.49","40.76","173.88","39.40","94.98","1699","52.43","86.10","86","56.04"
"189.67","1443.99","706.25","718.38","41.70","225.07","38.64","94.98","1815","52.73","86","85","56.04"
"205.46","1577.93","803.99","810.76","43.65","244.75","38.42","94.98","1823","52.73","85.90","85","56.14"
"214.39","1641.93","838.78","837.18","44.05","259.48","38.72","94.98","1859","52.92","85.80","85","56.14"
"222.63","1688.99","854.17","854.77","44.45","267.64","38.73","94.98","1867","52.92","85.70","85","56.23"
"226.44","1714.99","865.57","850.36","44.72","271.99","38.51","94.98","1873","53.12","85.60","85","56.23"
"229.72","1727.99","875.08","872.38","44.69","275.42","38.69","94.98","1882","53.22","85.60","85","56.23"
"231.48","1740.99","883.27","876.69","44.83","278.10","38.80","94.98","1891","53.51","85.60","85","56.23"
"232.09","1742.91","820.55","876.69","42.40","279.16","42.79","84.13","1845","53.66","85.70","85","56.23"
"207.06","1658.96","507.49","469.76","37.47","242.24","39.94","84.61","1889","53.66","85.80","85","56.23"
"217.97","1633.96","801.65","823.99","44.10","252.84","38.12","94.98","1925","53.85","85.90","85","56.23"
"228.43","1706.93","871.46","881.07","44.96","265.43","38.53","94.98","1926","54.05","86","86","56.23"
"234.45","1738.98","879.65","876.69","42.48","272.53","51.84","50.05","1839","54.35","86.20","86","56.23"
"196.23","1436.94","336.29","313.68","33.59","204.93","41.41","94.77","1564","54.05","86.20","86","56.14"
"125.66","1263.99","314.88","326.92","33.36","140.38","42.11","94.75","1427","53.85","86.30","86","56.14"
"113.76","1169.97","311.20","318.06","33.47","123.60","42.21","94.86","1329","53.76","86.50","86","56.14"
"99.03","1120.99","642.50","663.37","41.05","109.33","41.65","94.98","1243","53.66","86.50","86","56.04"
"92.47","1092.97","689.37","696.46","41.41","101.62","41.89","94.98","1138","53.66","86.60","86","56.04"
"88.27","1066.97","697.97","709.6","41.45","106.89","42.04","94.26","1370","53.51","86.80","86","56.04"
"105.13","1075.94","699.58","698.57","41.41","118.03","41.89","93.99","1378","53.51","86.80","86","56.04"
"105.13","1088.94","699.90","700.91","41.43","117.80","41.83","94.09","1369","53.31","86.90","86","56.04"
"105.59","1092.97","699.99","698.57","41.30","118.03","41.79","94.10","1366","53.22","86.80","86","56.04"
"105.59","1090.96","699.99","700.91","41.36","117.49","42","94.14","1361","53.12","86.70","86","55.94"
"104.68","1088.94","699.99","702.97","41.30","117.19","42.02","94.05","1361","53.12","86.70","86","55.94"
"105.06","1088.94","699.99","700.91","41.29","117.27","41.86","94.09","1358","53.02","86.50","86","55.94"
"105.74","1088.94","699.99","702.97","41.41","116.58","41.76","94.09","1355","52.92","86.40","86","55.94"
"104.52","1086.93","699.99","696.46","41.35","116.66","41.76","94.10","1347","52.82","86.40","86","55.94"
"100.79","1086.93","699.99","700.91","41.35","111.54","41.81","94.55","1293","52.73","86.20","86","55.94"
"95.06","1084.91","699.99","689.88","41.47","104.07","41.55","94.98","1202","52.73","86.20","86","56.04"
"89.04","1071.91","699.99","714","41.46","97.28","41.81","94.98","1106","52.73","86","85","55.94"
"83.54","1058.91","699.99","698.57","41.46","91.86","41.76","94.98","1038","52.73","86","85","56.04"
"79.58","1045.91","699.99","698.57","41.33","86.44","41.79","94.98","1027","52.53","85.90","85","56.04"
"89.34","1032.91","699.99","709.6","41.39","97.12","42.26","94.98","1144","52.43","85.90","85","56.04"
"84.15","1045.91","699.99","707.4","41.46","93.39","41.92","94.98","1073","52.53","85.90","85","56.04"
"81.56","1041.98","699.99","692.05","41.51","88.58","41.61","94.98","994","52.53","85.90","85","56.04"
"77.67","1028.98","699.99","702.97","41.39","92.09","41.81","94.98","1191","52.43","85.80","85","56.04"
"86.82","1037.95","699.99","702.97","41.39","95.98","42.44","94.98","1143","52.53","85.80","85","56.04"
"84.46","1045.91","699.99","709.6","41.27","91.94","42.40","94.98","1028","52.53","85.80","85","56.04"
"74.24","1041.98","619.98","696.46","23.85","77.44","50.88","94.98","757","52.53","85.80","85","56.04"
"62.18","1024.95","315.01","309.28","33.37","66.45","42.57","94.98","720","52.43","85.80","85","56.04"
"57.45","1011.95","315.01","298.29","33.47","64.09","42.30","94.98","720","52.33","85.80","85","56.04"
"56.99","1002.97","315.01","311.48","33.61","63.78","42.14","94.98","710","52.33","85.90","85","56.04"
"54.47","1002.97","315.01","311.48","33.64","61.88","42.37","94.98","715","52.24","85.90","85","56.04"
"55.39","1002.97","315.01","315.88","33.67","62.49","41.94","94.98","721","52.24","85.90","85","56.14"
"55.08","1007.92","315.01","318.06","33.77","62.94","42.01","94.98","721","52.24","85.90","86","56.14"
"55.92","1007.92","315.01","318.06","33.62","63.25","42.34","94.98","722","52.24","86","86","56.14"
"55.47","1007.92","315.01","315.88","33.57","62.33","42.42","94.98","716","52.33","86.10","86","56.14"
"55.54","1002.97","315.01","315.88","33.61","67.98","41.86","94.98","850","52.33","86.20","86","56.14"
"71.49","1013.96","405.37","370.9","36.55","97.73","38.28","94.60","1439","52.43","86.30","86","56.23"
"150.45","1175.92","675.86","672.29","41.39","186.24","38.94","94.98","1879","53.02","86.30","86","56.14"
"203.86","1443.99","767.96","771.27","43.15","247.65","38.68","94.98","2035","53.76","86.40","86","56.23"
"236.13","1609.98","845.54","839.38","44.31","281.15","38.13","94.98","2021","54.35","86.50","86","56.23"
"246.28","1708.95","890.57","883.36","44.99","301.59","38.27","94.98","2101","54.74","86.50","86","56.33"
"266.96","1746.94","406.61","656.85","22.74","294.65","38.96","80.39","2055","55.33","86.60","86","56.33"
"212.02","1451.95","341.18","318.06","33.53","223.16","41.98","94.98","1647","55.42","86.80","87","56.33"
"116.04","1321.95","311.30","291.71","33.24","118.33","41.73","94.98","1062","55.52","87","87","56.33"
"84.53","1161.91","315.01","318.06","33.41","91.86","42.19","94.98","911","55.52","87.20","87","56.23"
"63.17","1088.94","315.01","333.5","33.52","69.58","42.79","94.98","751","55.42","87.50","87","56.23"
"60.73","1041.98","315.01","315.88","33.49","70.50","42.54","94.98","775","55.42","87.70","88","56.23"
"59.66","1024.95","315.01","313.68","33.69","66.99","42.41","94.98","731","55.42","87.90","88","56.23"
"57.83","1015.97","315.01","318.06","33.59","63.86","42.47","94.98","713","55.42","88.10","88","56.23"
"56.53","1007.92","315.01","313.68","33.59","63.17","42.29","94.98","718","55.42","88.30","88","56.23"
"56.76","1002.97","315.01","318.06","33.47","63.25","42.42","94.98","719","55.42","88.40","88","56.23"
"53.33","1004.99","315.01","311.48","33.52","61.80","42.37","94.98","720","55.42","88.50","88","56.23"
"55.54","1007.92","315.01","315.88","33.41","63.48","42.10","94.98","726","55.42","88.60","88","56.23"
"55.54","1007.92","315.01","318.06","33.55","62.26","42.28","94.98","722","55.42","88.70","88","56.23"
"55.24","1007.92","315.01","320.4","33.55","62.49","42.04","94.98","723","55.42","88.70","88","56.23"
"56.23","1007.92","320.40","318.06","33.98","58.29","40.11","94.98","1008","55.42","88.80","88","56.23"
"120.47","1075.94","592.09","593.1","40.12","152.97","38.90","94.98","1736","55.91","88.80","88","56.33"
"182.35","1340.99","720.08","722.79","42.10","226.29","38.69","94.98","2061","56.55","88.80","88","56.33"
"244.45","1511.92","860.66","859.19","44.93","312.43","40.73","71.02","2572","57.34","88.80","89","56.33"
"236.06","1483.91","340.86","300.59","33.28","229.65","42.24","91.81","1506","57.73","88.90","89","56.43"
"119.17","1282.95","314.88","278.57","33.19","144.04","42.08","94.57","1442","57.83","89","89","56.33"
"116.96","1173.91","418.37","392.87","36.57","143.59","38.42","94.98","1497","58.02","89","89","56.33"
"138.09","1310.96","419.89","463.27","34.96","162.36","41.69","92.05","1596","58.32","89.20","89","56.33"
"152.44","1272.97","392.50","370.9","35.03","171.97","40.47","92.07","1677","58.41","89.30","89","56.43"
"158.77","1269.95","489.37","509.37","37.15","185.63","40.47","91.79","1802","58.61","89.50","89","56.43"
"118.26","1327.99","408.21","397.27","35.33","124.06","40.52","91.76","1224","58.96","89.60","89","56.43"
"110.63","1263.99","429.59","432.48","35.92","123.37","40.44","93.38","1261","58.96","89.80","89","56.43"
"118.26","1254.93","609.75","557.9","39.83","142.06","39.52","94.98","1384","58.96","89.80","89","56.43"
"143.66","1361.96","646.88","665.57","40.29","166.09","39.53","94.98","1507","59.15","90","90","56.43"
"165.87","1464.96","697.79","692.05","41.26","195.85","38.95","94.98","1639","59.35","90","90","56.43"
"191.27","1575.92","781.06","784.41","43.07","227.59","38.38","94.98","1771","59.64","90.10","90","56.43"
"213.55","1656.94","835.16","841.58","43.88","257.57","38.53","94.98","1884","59.84","90.10","90","56.43"
"232.62","1708.95","863.46","867.97","44.32","284.96","38.14","94.98","2007","59.94","90.20","90","56.53"
"252.69","1744.93","586.17","718.38","38.02","291.52","44.41","45.80","2073","60.23","90.40","90","56.53"
"212.48","1438.95","341.45","296.09","33.47","217.90","41.18","94.98","1751","60.03","90.50","90","56.53"
"133.13","1280.93","316.21","320.4","33.12","141.07","42.31","94.65","1417","60.03","90.60","90","56.53"
"111.47","1156.97","311.57","322.46","33.25","122.00","42.52","94.88","1342","60.03","90.80","90","56.43"
"100.86","1113.94","308.36","300.59","33.21","112.46","41.94","94.90","1303","60.03","90.90","91","56.43"
"99.26","1092.97","307.67","311.48","33.35","109.18","41.94","94.82","1291","60.03","91","91","56.43"
"95.29","1084.91","306.30","302.7","33.25","106.05","41.83","94.90","1267","60.03","91.20","91","56.33"
"92.7","1075.94","305.19","309.28","33.25","103.00","42.19","94.98","1234","60.03","91.20","91","56.33"
"90.03","1066.97","306.75","309.28","33.32","100.25","42.28","94.98","1203","60.03","91.30","91","56.33"
"89.49","1060.93","307.76","304.96","33.32","97.73","42.01","94.98","1174","60.03","91.30","91","56.33"
"90.87","1062.94","360.70","357.67","34.40","106.43","40.79","93.78","1240","60.03","91.30","91","56.33"
"101.78","1128.95","455.00","476.37","36.84","111.85","40.63","94.98","1240","60.23","91.30","91","56.33"
"111.54","1201.92","598.35","608.4","39.55","124.89","39.57","94.98","1292","60.23","91.30","91","56.43"
"131.69","1293.93","619.61","619.47","40.05","147.17","39.52","94.98","1402","60.23","91.30","91","56.43"
"145.04","1378.99","649.77","652.47","40.39","165.94","39.73","94.98","1470","60.23","91.20","91","56.43"
"159.53","1453.97","684.56","680.98","41.02","184.63","39.25","94.98","1500","60.03","91.10","91","56.53"
"143.05","1438.95","316.30","265.29","32.75","158.46","42.05","91.12","1437","59.94","91.10","91","56.53"
"122.99","1214.92","316.21","291.71","33.21","136.87","40.61","94.26","1449","59.74","91.10","91","56.53"
"129.47","1225.91","627.66","623.76","40.12","148.70","39.39","94.98","1489","59.64","91.20","91","56.53"
"153.28","1387.96","665.89","680.98","40.96","173.95","39.17","94.98","1547","59.84","91.30","91","56.43"
"168.54","1490.96","689.46","663.37","41.68","197.07","38.74","94.98","1611","59.84","91.30","91","56.53"
"232.24","1524.92","836.26","841.58","44.02","293.58","38.75","94.98","2256","59.84","91.30","91","56.53"
"263.68","1669.94","897.97","907.58","45.20","328.37","37.77","94.98","2341","60.03","91.30","91","56.63"
"294.19","1752.98","1001.06","993.37","47.21","370.03","37.51","84.81","2490","60.33","91.30","91","56.63"
"264.74","1432.91","362.58","360.01","33.85","295.26","42.14","51.41","2372","60.23","91.40","91","56.82"
"196.46","1361.96","355.19","346.68","34.67","206.15","39.42","91.71","1875","60.23","91.50","91","56.63"
"200.88","1528.95","798.94","835.06","43.44","232.85","39.10","94.98","1890","60.52","91.60","91","56.63"
"222.48","1665.92","773.76","793.19","42.26","258.64","40.30","74.54","1924","60.72","91.70","91","56.63"
"217.06","1618.95","524.80","472.06","37.55","264.74","39.42","77.55","2003","60.62","91.70","91","56.63"
"190.13","1586.91","774.68","707.4","43.86","212.48","38.85","94.98","1667","60.62","91.80","91","56.63"
"200.88","1671.96","825.18","832.77","43.79","227.97","38.75","94.98","1680","60.62","91.90","91","56.63"
"234.68","1678.92","893.06","883.36","45.11","292.97","40.24","94.98","2238","60.62","91.90","91","56.82"
"262.38","1742.91","916.27","878.96","45.65","319.45","37.99","94.98","2193","60.62","92","92","56.82"
"238.96","1646.96","352.16","366.5","33.49","266.50","42.45","69.90","2116","60.33","92","92","56.82"
"167.09","1353.99","334.00","322.46","33.42","174.26","42.01","94.98","1491","60.03","92.10","92","56.82"
"118.79","1214.92","309.28","329.09","33.11","125.28","42.44","94.92","1264","59.74","92.10","92","56.63"
"96.13","1141.95","310.88","304.96","33.40","104.14","41.68","94.98","1152","59.64","92.10","92","56.63"
"88.88","1096.91","308.86","313.68","33.39","104.98","41.64","94.88","1280","59.35","92.10","92","56.53"
"104.75","1086.93","313.77","309.28","33.43","119.78","41.70","94.31","1365","59.35","92.10","92","56.53"
"96.28","1096.91","305.56","311.48","33.22","105.29","42.03","94.98","1224","59.15","92.10","92","56.53"
"87.74","1084.91","621.65","656.85","40.57","95.67","41.70","94.98","1061","59.15","92.10","92","56.43"
"78.43","1062.94","685.47","702.97","41.31","85.76","54.29","94.98","951","59.05","92.10","92","56.43"
"117.88","1088.94","580.78","562.3","39.27","150.15","39.32","94.98","1678","59.05","92.10","92","56.43"
"148.16","1297.96","500.27","483.09","37.41","165.79","40.13","94.98","1598","59.15","92","91","56.53"
"139.93","1342.91","471.09","463.27","36.79","152.67","40.61","94.03","1401","59.15","91.90","91","56.53"
"123.98","1327.99","458.87","447.88","36.77","135.96","39.75","94.98","1323","59.15","91.80","91","56.53"
"129.85","1331.93","601.38","634.88","39.47","142.67","39.51","94.98","1408","59.15","91.80","91","56.63"
"140.69","1398.95","642.50","661.26","39.87","161.29","39.70","94.98","1440","59.15","91.70","91","56.63"
"159.23","1455.98","681.66","680.98","41.02","185.09","39.32","94.98","1556","59.25","91.80","91","56.63"
"183.26","1545.98","763.97","753.58","42.80","227.89","38.59","94.98","1889","59.35","91.90","92","56.63"
"288.85","1511.92","1017.50","1039.47","47.55","358.05","37.75","94.98","2756","59.45","92","92","56.82"
"326.7","1648.98","828.48","777.76","43.71","407.57","39.16","85.80","2711","59.94","92.10","92","56.92"
"256.27","1789.97","931.16","977.98","45.24","306.25","38.51","94.98","2055","60.33","92.20","92","56.92"
"269.63","1832.91","974.86","966.86","46.33","324.48","38.20","94.98","2220","60.62","92.40","92","56.92"
"295.19","1849.94","1013.88","1024.17","47.72","360.26","37.44","94.98","2338","60.92","92.40","92","56.92"
"319.98","1876.95","1115.77","1096.69","49.43","395.74","37.49","94.98","2499","61.36","92.60","92","57.02"
"312.73","1688.99","365.58","360.01","33.45","343.10","42.36","50.29","2493","61.46","92.70","92","56.92"
"223.77","1398.95","359.41","344.57","33.95","234.00","41.75","94.98","1867","61.46","92.90","93","56.92"
"157.09","1293.93","330.56","331.29","33.67","174.26","42.13","94.98","1670","61.46","93.10","93","56.92"
"136.49","1201.92","324.07","322.46","33.65","150.38","42.21","94.98","1528","61.21","93.20","93","56.82"
"119.1","1165.94","643.19","665.57","40.59","129.93","41.68","94.83","1387","61.21","93.40","93","56.63"
"103.53","1135.91","689.46","687.58","41.01","111.85","41.35","94.96","1256","61.01","93.50","93","56.63"
"92.47","1109.91","697.97","700.91","41.08","100.48","41.57","94.98","1127","61.01","93.60","93","56.53"
"83.92","1079.97","699.67","714","40.91","91.86","42.01","94.98","1038","60.92","93.70","93","56.53"
"80.49","1058.91","539.89","634.88","21.32","88.35","38.81","94.98","1078","60.62","93.70","93","56.53"
"95.29","1049.94","321.00","304.96","33.47","108.57","39.79","94.10","1367","60.62","93.70","93","56.53"
"110.4","1141.95","580.97","584.18","39.30","130.24","38.66","94.98","1399","60.62","93.70","93","56.53"
"125.58","1282.95","452.20","443.51","34.79","144.20","48.48","84.47","1414","60.72","93.60","93","56.53"
"119.63","1203.94","323.38","285.2","33.19","133.97","41.49","92.02","1423","60.52","93.60","93","56.63"
"112.84","1156.97","317.19","309.28","33.15","126.34","41.55","93.76","1388","60.33","93.50","93","56.63"
"116.2","1169.97","496.60","480.88","38.26","133.90","37.43","94.98","1447","60.33","93.40","93","56.63"
"131.23","1312.98","428.16","439.1","35.37","151.37","41.68","88.97","1483","60.52","93.30","93","56.63"
"133.59","1252.92","343.56","320.4","33.71","147.48","40.76","89.05","1498","60.52","93.30","93","56.63"
"129.47","1205.95","343.38","337.99","33.74","143.28","41.07","88.33","1491","60.33","93.30","93","56.63"
"122.53","1190.93","326.78","324.71","33.38","135.88","41.01","88.91","1461","60.52","93.30","93","56.63"
"136.57","1237.99","631.47","674.4","40.19","155.87","40.45","83.55","1536","60.52","93.30","93","56.63"
"134.05","1267.93","320.68","285.2","33.24","150.15","41.83","93.15","1526","60.62","93.30","93","56.63"
"123.6","1171.98","317.78","315.88","33.17","134.89","42.11","93.92","1415","60.52","93.30","93","56.63"
"102.54","1139.94","307.40","300.59","32.92","112.23","38.88","94.88","1267","60.33","93.30","93","56.63"
"94.45","1103.96","652.56","678.8","40.52","103.53","41.57","94.98","1190","60.33","93.30","93","56.63"
"87.05","1084.91","690.98","709.6","41.01","95.14","42.10","94.98","1045","60.33","93.40","93","56.53"
"77.06","1062.94","698.29","702.97","26.26","81.25","50.71","94.98","797","60.23","93.40","93","56.53"
"59.66","1037.95","315.01","318.06","32.90","66.45","42.30","94.98","697","59.94","93.40","93","56.53"
"57.37","1017.99","315.01","311.48","33.10","64.39","42.21","94.98","722","59.84","93.50","93","56.53"
"53.25","1011.95","315.01","315.88","33.22","60.88","42.03","94.98","712","59.64","93.50","93","56.53"
"55.47","1011.95","315.01","311.48","33.25","62.94","42.16","94.98","723","59.64","93.50","93","56.63"
"55.47","1011.95","315.01","313.68","33.26","62.49","41.74","94.98","717","59.45","93.50","93","56.63"
"54.55","1007.92","315.01","318.06","33.21","61.88","41.96","94.98","722","59.35","93.60","93","56.63"
"55.7","1007.92","315.01","311.48","33.26","62.03","42.06","94.98","720","59.35","93.70","93","56.63"
"54.63","1007.92","315.01","315.88","33.17","61.80","42.13","94.98","723","59.35","93.70","93","56.63"
"54.47","1007.92","315.01","311.48","33.25","62.03","41.83","94.98","719","59.35","93.70","93","56.63"
"54.78","1007.92","315.01","315.88","33.24","62.18","41.94","94.98","717","59.35","93.70","93","56.63"
"55.16","1007.92","315.01","318.06","33.20","61.95","42.24","94.98","723","59.35","93.70","93","56.63"
"54.78","1007.92","315.01","313.68","33.15","62.03","42.41","94.98","717","59.35","93.70","93","56.63"
"54.78","1007.92","315.01","315.88","33.24","61.57","42.13","94.98","720","59.45","93.70","93","56.63"
"55.08","1007.92","315.01","315.88","33.23","61.95","42.23","94.98","719","59.45","93.70","93","56.63"
"55.16","1007.92","315.01","313.68","33.15","61.88","42.19","94.98","720","59.64","93.70","93","56.63"
"55.39","1007.92","315.01","313.68","33.17","62.03","42.13","94.98","721","59.64","93.80","93","56.63"
"55.47","1007.92","315.01","313.68","33.21","61.95","41.99","94.98","719","59.64","93.90","93","56.63"
"55.47","1007.92","315.01","315.88","33.21","61.88","41.98","94.98","720","59.74","94","94","56.82"
"53.94","1007.92","315.01","309.28","33.21","62.03","42.09","94.98","717","59.74","94","94","56.63"
"54.93","1007.92","315.01","315.88","33.06","61.80","41.94","94.98","721","59.84","94.10","94","56.82"
"55.24","1007.92","315.01","313.68","33.10","61.80","41.85","94.98","720","59.84","94.10","94","56.82"
"54.86","1007.92","315.01","315.88","33.15","62.03","41.83","94.98","721","59.94","94.20","94","56.82"
"96.67","1015.97","508.08","496.27","38.14","124.89","39.07","94.98","1606","60.03","94.30","94","56.82"
"165.79","1263.99","690.38","707.4","41.26","202.33","38.81","94.98","1906","60.82","94.30","94","56.82"
"223.47","1496.91","800.69","799.77","43.07","282.67","37.95","94.98","2305","61.65","94.40","94","56.82"
"295.03","1597.98","987.27","1028.48","45.46","371.79","40.51","81.18","2749","62.14","94.50","94","56.92"
"234.45","1738.98","937.07","835.06","45.66","272.68","37.98","94.98","1944","62.83","94.50","94","56.92"
"256.66","1757.93","940.86","938.38","45.48","308.84","37.59","94.98","2208","63.22","94.60","94","57.02"
"294.57","1776.97","1008.37","1006.47","47.03","369.34","37.14","94.98","2539","63.61","94.70","95","57.02"
"295.03","1626.91","369.71","386.29","33.36","339.44","42.47","50.57","2210","63.96","94.90","95","57.02"
"147.78","1402.97","318.38","300.59","32.91","165.87","41.61","94.98","1655","63.86","95.20","95","57.02"
"132.98","1231.95","319.67","315.88","33.07","144.35","42.11","94.98","1468","63.61","95.40","95","57.02"
"129.17","1178.94","507.67","463.27","38.66","143.05","37.82","94.98","1503","63.61","95.60","95","56.92"
"151.6","1368.92","659.88","654.58","40.46","176.70","39.02","94.98","1600","63.86","95.80","96","56.92"
"178.45","1511.92","736.57","727.16","41.73","212.94","53.70","52.30","1649","64.15","96","96","56.92"
"157.93","1344.93","329.37","309.28","33.28","175.78","41.59","94.79","1569","63.86","96.20","96","56.92"
"104.75","1220.96","313.41","311.48","33.10","104.14","41.93","94.98","1033","63.52","96.20","96","56.82"
"106.97","1130.97","521.09","483.09","38.42","146.03","37.61","87.81","1663","63.42","96.30","96","56.82"
"149.84","1349.96","644.86","641.49","40.30","177.77","39.29","94.98","1653","63.61","96.30","96","56.82"
"175.33","1498.92","726.50","716.27","41.68","209.96","38.47","94.98","1712","63.61","96.30","96","56.92"
"203.48","1631.95","816.49","812.96","43.34","243.69","38.41","94.98","1809","63.86","96.30","96","56.92"
"225.3","1712.98","863.00","874.58","44.13","273.06","38.15","94.98","1943","63.96","96.30","96","56.92"
"244.98","1765.99","888.87","894.35","44.43","303.58","37.84","94.98","2074","63.96","96.30","96","57.02"
"263.68","1806.91","661.99","698.57","39.80","322.35","39.71","67.51","2173","63.96","96.40","96","57.02"
"267.95","1757.93","903.27","878.96","44.84","319.45","38.98","94.98","2003","64.15","96.40","96","57.12"
"217.59","1821.92","332.49","436.85","21.65","240.86","40.86","91.87","1713","64.15","96.50","96","57.12"
"140.38","1398.95","315.88","307.08","32.83","141.15","41.72","94.65","1260","63.61","96.70","96","57.12"
"97.43","1197.98","307.49","307.08","32.88","108.64","41.60","94.98","1137","63.42","96.80","96","57.02"
"84.53","1126.94","315.01","313.68","33.21","90.26","38.85","94.98","914","63.22","96.90","97","56.92"
"77.59","1066.97","407.39","496.27","21.52","89.34","40.21","94.98","985","63.03","97.10","97","56.92"
"76.3","1049.94","314.60","335.7","33.25","86.37","41.93","94.98","923","62.83","97.20","97","56.82"
"58.9","1043.99","315.01","333.5","33.34","66.22","42.42","94.98","758","62.53","97.30","97","56.82"
"56.08","1024.95","315.01","318.06","33.24","63.86","42.21","94.98","728","62.44","97.30","97","56.82"
"82.25","1015.97","479.49","456.69","37.35","110.25","39.29","90.78","1502","62.34","97.30","97","56.82"
"112.99","1216.94","313.50","346.68","33.28","100.25","42.23","94.01","823","62.53","97.30","97","56.82"
"61.65","1101.94","315.01","320.4","33.25","67.83","42.23","94.98","727","62.44","97.30","97","56.82"
"55.77","1049.94","333.68","315.88","33.88","67.75","39.80","94.64","1124","62.14","97.20","97","56.82"
"136.49","1139.94","530.38","634.88","36.97","159.46","43.06","84.21","1548","62.44","97.10","96","56.92"
"72.63","1193.96","315.01","298.29","33.05","78.97","42.03","94.57","764","62.53","97","96","56.92"
"59.89","1079.97","315.01","311.48","33.23","66.68","42.16","94.98","711","62.34","96.90","96","56.92"
"53.64","1041.98","315.01","311.48","33.25","61.95","42.19","94.98","710","62.14","96.90","96","56.92"
"55.92","1026.96","315.01","315.88","33.17","63.25","42.19","94.98","719","62.14","96.90","96","56.92"
"54.93","1020.92","315.01","318.06","33.07","62.49","42.39","94.98","720","62.04","97","97","56.92"
"86.37","1028.98","315.01","318.06","33.89","80.95","43.11","94.98","781","62.14","97.10","97","56.92"
"56.08","1037.95","315.01","315.88","33.43","63.55","42.11","94.98","721","62.34","97.20","97","56.92"
"53.56","1024.95","315.01","315.88","33.26","61.65","41.87","94.98","735","62.34","97.30","97","56.92"
"54.47","1015.97","315.01","315.88","33.25","64.93","41.96","94.98","787","62.34","97.40","97","56.92"
"56.08","1011.95","315.01","315.88","33.15","63.17","42.50","94.98","718","62.34","97.50","97","56.92"
"56.69","1007.92","315.01","318.06","33.15","62.79","42.42","94.98","719","62.34","97.60","97","56.92"
"55.7","1002.97","315.01","311.48","33.15","62.49","42.15","94.98","721","62.34","97.60","97","56.92"
"56.23","1002.97","315.01","315.88","33.23","62.33","42.05","94.98","719","62.44","97.70","97","56.92"
"54.78","998.95","315.01","313.68","33.19","62.26","42.19","94.98","719","62.53","97.70","97","56.92"
"55.85","998.95","315.01","315.88","33.17","62.18","42.08","94.98","720","62.53","97.70","97","56.92"
"54.55","998.95","315.01","318.06","33.08","62.26","42.15","94.98","720","62.53","97.70","97","56.92"
"55.92","998.95","315.01","313.68","33.17","62.18","42.19","94.98","719","62.53","97.70","97","56.92"
"55.92","998.95","315.01","311.48","33.32","62.26","42.18","94.98","719","62.73","97.70","97","57.02"
"56.08","998.95","315.01","313.68","33.15","62.18","42.29","94.98","722","62.73","97.80","97","56.92"
"55.85","998.95","315.01","315.88","33.11","62.56","42.33","94.98","718","62.73","97.90","97","56.92"
"55.24","998.95","315.01","311.48","33.15","62.26","42.35","94.98","721","62.83","97.90","97","57.02"
"56.15","998.95","315.01","313.68","33.26","62.49","42.12","94.98","720","62.83","97.90","97","57.02"
"55.24","998.95","315.01","315.88","33.15","62.26","42.23","94.98","719","62.83","97.90","97","57.02"
"56.15","998.95","315.01","311.48","33.25","62.26","42.28","94.98","719","63.03","98","97","57.02"
"56.08","998.95","315.01","313.68","33.20","62.33","42.34","94.98","719","63.12","98","98","57.02"
"55.77","998.95","315.01","313.68","33.05","62.33","42.34","94.98","722","63.12","98.10","98","57.02"
"55.77","998.95","315.01","313.68","33.15","62.26","42.13","94.98","719","63.12","98.10","98","57.02"
"55.7","998.95","315.01","315.88","33.15","62.33","42.08","94.98","720","63.22","98.10","98","57.02"
"56.38","998.95","315.01","315.88","33.20","62.26","42.05","94.98","721","63.22","98.10","98","57.02"
"55.77","998.95","315.01","313.68","33.20","62.49","42.19","94.98","719","63.42","98.10","98","57.02"
"56.08","998.95","315.01","315.88","33.19","62.49","42.19","94.98","718","63.42","98.10","98","57.02"
"55.7","998.95","315.01","313.68","33.13","62.26","42.21","94.98","720","63.42","98.10","98","57.02"
"55.08","998.95","315.01","311.48","33.23","62.33","42.19","94.98","722","63.52","98.20","98","57.02"
"55.77","998.95","315.01","311.48","33.10","62.18","42.16","94.98","721","63.52","98.30","98","57.02"
"55.92","998.95","315.01","313.68","33.10","62.26","42.16","94.98","718","63.61","98.30","98","57.02"
"55.92","998.95","315.01","318.06","33.09","62.26","42.38","94.98","716","63.61","98.30","98","57.02"
"56.76","998.95","315.01","311.48","33.27","62.49","42.19","94.98","722","63.86","98.30","98","57.02"
"55.92","998.95","315.01","315.88","33.17","62.26","42.19","94.98","720","63.86","98.40","98","57.02"
"55.77","998.95","315.01","313.68","33.04","62.18","42.37","94.98","719","63.86","98.40","98","57.02"
"55.77","998.95","315.01","318.06","33.13","62.26","42.19","94.98","720","63.96","98.50","98","57.02"
"55.77","998.95","315.01","313.68","33.19","62.26","42.26","94.98","722","63.96","98.50","98","57.02"
"55.47","998.95","315.01","311.48","33.19","62.26","42.32","94.98","720","64.15","98.50","98","57.02"
"55.92","998.95","315.01","315.88","33.25","62.03","42.03","94.98","717","64.15","98.50","98","57.02"
"55.77","998.95","315.01","315.88","33.02","62.33","42.34","94.98","719","64.15","98.50","98","57.02"
"56.53","998.95","315.01","315.88","33.08","62.03","42.35","94.98","720","64.15","98.50","98","57.02"
"56.38","996.93","315.01","311.48","33.17","62.26","42.26","94.98","720","64.15","98.50","98","57.02"
"55.85","998.95","315.01","315.88","33.17","62.26","42.27","94.98","721","64.15","98.60","98","57.02"
"56.08","998.95","315.01","315.88","33.21","62.33","42.33","94.98","717","64.15","98.60","98","57.02"
"56.23","998.95","315.01","313.68","33.21","62.18","42.43","94.98","721","64.15","98.70","98","57.12"
"55.47","998.95","315.01","315.88","33.11","62.26","42.47","94.98","718","63.96","98.70","98","57.12"
"55.54","996.93","315.01","315.88","32.98","62.33","42.33","94.98","717","63.96","98.70","98","57.02"
"55.85","998.95","315.01","318.06","33.08","62.33","42.47","94.98","720","63.96","98.70","98","57.12"
"56.23","998.95","315.01","313.68","33.17","62.18","42.31","94.98","719","63.96","98.70","98","57.12"
